quarter_rank,language_name,year,quarter,issue_count,year_rank
1,Ruby,2011,3,965,1
2,JavaScript,2011,3,694,2
3,Python,2011,3,619,3
4,PHP,2011,3,560,4
5,Java,2011,3,420,6
6,C++,2011,3,339,5
7,C,2011,3,163,7
8,C#,2011,3,159,8
1,Ruby,2011,4,4361,1
2,JavaScript,2011,4,4003,2
3,Python,2011,4,3145,3
4,PHP,2011,4,2841,4
5,C++,2011,4,1941,5
6,Java,2011,4,1808,6
7,C,2011,4,1113,7
8,C#,2011,4,729,8
9,Objective-C,2011,4,496,9
10,Shell,2011,4,306,10
11,Scala,2011,4,305,11
12,HTML,2011,4,255,12
13,Haskell,2011,4,169,13
14,Factor,2011,4,125,14
15,CSS,2011,4,120,15
16,Clojure,2011,4,114,16
17,Erlang,2011,4,111,17
18,Rust,2011,4,107,18
19,ActionScript,2011,4,106,19
1,JavaScript,2012,1,8910,1
2,Ruby,2012,1,7317,3
3,Python,2012,1,6774,2
4,PHP,2012,1,4858,4
5,Java,2012,1,4429,5
6,C++,2012,1,3421,6
7,C,2012,1,1544,7
8,C#,2012,1,1305,9
9,Objective-C,2012,1,1111,8
10,CoffeeScript,2012,1,483,13
11,Scala,2012,1,446,12
12,HTML,2012,1,370,10
13,Shell,2012,1,349,11
14,Haskell,2012,1,310,15
15,CSS,2012,1,265,14
16,Erlang,2012,1,199,19
17,Emacs Lisp,2012,1,170,18
18,Clojure,2012,1,142,20
19,TypeScript,2012,1,138,24
20,ActionScript,2012,1,129,25
21,XSLT,2012,1,122,26
22,Go,2012,1,111,16
1,JavaScript,2012,2,26724,1
2,Python,2012,2,19908,2
3,Ruby,2012,2,18591,3
4,Java,2012,2,13462,5
5,PHP,2012,2,12853,4
6,C++,2012,2,9933,6
7,C,2012,2,4163,7
8,Objective-C,2012,2,3181,8
9,C#,2012,2,3095,9
10,Scala,2012,2,1463,12
11,Shell,2012,2,1430,11
12,HTML,2012,2,1288,10
13,CSS,2012,2,1011,14
14,CoffeeScript,2012,2,874,13
15,Haskell,2012,2,802,15
16,Erlang,2012,2,586,19
17,Perl,2012,2,504,22
18,Emacs Lisp,2012,2,474,18
19,Go,2012,2,426,16
20,Clojure,2012,2,404,20
21,ActionScript,2012,2,390,25
22,Groovy,2012,2,362,23
23,ColdFusion,2012,2,303,27
24,Lua,2012,2,290,17
25,XSLT,2012,2,277,26
26,TypeScript,2012,2,248,24
27,Elixir,2012,2,211,28
28,Smalltalk,2012,2,210,35
29,Objective-J,2012,2,202,30
30,Vim script,2012,2,163,29
31,LiveScript,2012,2,142,32
32,D,2012,2,130,38
33,Common Lisp,2012,2,124,36
34,Factor,2012,2,120,33
35,Haxe,2012,2,116,34
36,Kotlin,2012,2,107,37
38,Brightscript,2012,2,106,46
38,AGS Script,2012,2,106,40
1,JavaScript,2012,3,31557,1
2,Python,2012,3,21936,2
3,Ruby,2012,3,18847,3
4,PHP,2012,3,16507,4
5,Java,2012,3,14231,5
6,C++,2012,3,10033,6
7,C,2012,3,4556,7
8,Objective-C,2012,3,3897,8
9,C#,2012,3,3685,9
10,HTML,2012,3,2406,10
11,Shell,2012,3,2176,11
12,CoffeeScript,2012,3,1582,13
13,AutoHotkey,2012,3,1515,21
14,CSS,2012,3,1287,14
15,Scala,2012,3,1204,12
16,Go,2012,3,1177,16
17,Haskell,2012,3,888,15
18,Emacs Lisp,2012,3,657,18
19,Clojure,2012,3,585,20
20,Erlang,2012,3,530,19
21,Jupyter Notebook,2012,3,527,31
22,Lua,2012,3,497,17
23,Perl,2012,3,414,22
24,Groovy,2012,3,404,23
25,Factor,2012,3,290,33
26,Objective-J,2012,3,268,30
27,TypeScript,2012,3,265,24
28,ActionScript,2012,3,256,25
29,XSLT,2012,3,191,26
30,ColdFusion,2012,3,188,27
31,LiveScript,2012,3,183,32
32,Vim script,2012,3,173,29
33,Smalltalk,2012,3,163,35
34,Elixir,2012,3,155,28
35,Haxe,2012,3,148,34
36,DCPU-16 ASM,2012,3,146,42
37,D,2012,3,131,38
38,VimL,2012,3,107,39
39,AGS Script,2012,3,106,40
1,JavaScript,2012,4,35627,1
2,Python,2012,4,29765,2
3,Ruby,2012,4,20850,3
4,PHP,2012,4,19848,4
5,Java,2012,4,17209,5
6,C++,2012,4,12373,6
7,C,2012,4,6160,7
8,Objective-C,2012,4,4644,8
9,C#,2012,4,4572,9
10,HTML,2012,4,2289,10
11,CoffeeScript,2012,4,2068,13
12,Scala,2012,4,1972,12
13,Shell,2012,4,1968,11
14,CSS,2012,4,1887,14
15,Haskell,2012,4,1559,15
16,Go,2012,4,1384,16
17,Lua,2012,4,1366,17
18,Emacs Lisp,2012,4,844,18
19,Erlang,2012,4,610,19
20,Perl,2012,4,535,22
21,Clojure,2012,4,481,20
22,TypeScript,2012,4,411,24
23,Elixir,2012,4,319,28
24,Groovy,2012,4,313,23
25,XSLT,2012,4,267,26
26,Vim script,2012,4,265,29
27,ColdFusion,2012,4,250,27
28,Common Lisp,2012,4,214,36
29,Visual Basic,2012,4,201,41
30,ActionScript,2012,4,173,25
31,Kotlin,2012,4,165,37
32,VimL,2012,4,153,39
33,LiveScript,2012,4,148,32
34,F#,2012,4,134,43
35,Objective-J,2012,4,121,30
36,Haxe,2012,4,114,34
37,Roff,2012,4,110,44
38,Matlab,2012,4,106,46
39,Racket,2012,4,101,47
1,JavaScript,2013,1,53707,1
2,Java,2013,1,37298,3
3,Python,2013,1,34261,2
4,Ruby,2013,1,29090,5
5,PHP,2013,1,28011,4
6,C++,2013,1,17814,6
7,C,2013,1,11148,7
8,C#,2013,1,6936,8
9,Objective-C,2013,1,6455,9
10,HTML,2013,1,4219,10
11,Scala,2013,1,3664,12
12,CSS,2013,1,3293,11
13,Shell,2013,1,3209,13
14,CoffeeScript,2013,1,2668,15
15,Go,2013,1,2056,14
16,TypeScript,2013,1,1382,16
17,Lua,2013,1,1335,17
18,Haskell,2013,1,1294,20
19,Emacs Lisp,2013,1,1160,19
20,Perl,2013,1,921,18
21,Objective-J,2013,1,752,34
22,Groovy,2013,1,731,21
23,Clojure,2013,1,609,23
24,Erlang,2013,1,589,22
25,ActionScript,2013,1,522,26
26,Vim script,2013,1,512,24
27,XSLT,2013,1,452,28
28,Jupyter Notebook,2013,1,430,35
29,ColdFusion,2013,1,289,39
30,SQF,2013,1,284,54
31,Julia,2013,1,281,30
32,Common Lisp,2013,1,257,42
33,Elixir,2013,1,253,29
34,Standard ML,2013,1,238,51
35,Kotlin,2013,1,220,25
36,Vala,2013,1,212,37
37,Haxe,2013,1,208,38
38,Cuda,2013,1,180,59
39,VimL,2013,1,165,33
40,OCaml,2013,1,152,36
42,TeX,2013,1,128,40
42,Matlab,2013,1,128,47
43,Dart,2013,1,124,41
44,PowerShell,2013,1,123,43
46,Factor,2013,1,118,57
46,Roff,2013,1,118,67
47,LiveScript,2013,1,110,48
48,AGS Script,2013,1,108,70
50,DM,2013,1,100,32
50,Pascal,2013,1,100,73
1,JavaScript,2013,2,62554,1
2,Python,2013,2,43459,2
3,Java,2013,2,32265,3
4,PHP,2013,2,31912,4
5,Ruby,2013,2,31140,5
6,C++,2013,2,16214,6
7,C,2013,2,10058,7
8,C#,2013,2,8437,8
9,Objective-C,2013,2,6368,9
10,CSS,2013,2,4465,11
11,HTML,2013,2,4047,10
12,Go,2013,2,3131,14
13,Shell,2013,2,2879,13
14,Scala,2013,2,2852,12
15,CoffeeScript,2013,2,2826,15
16,Lua,2013,2,1634,17
18,Perl,2013,2,1209,18
18,Haskell,2013,2,1209,20
19,Emacs Lisp,2013,2,1205,19
20,TypeScript,2013,2,1148,16
21,Erlang,2013,2,663,22
22,Vim script,2013,2,612,24
23,Groovy,2013,2,573,21
24,DM,2013,2,569,32
25,Clojure,2013,2,567,23
26,Elixir,2013,2,522,29
27,ActionScript,2013,2,409,26
28,Kotlin,2013,2,361,25
29,Puppet,2013,2,353,31
31,Vala,2013,2,335,37
31,Haxe,2013,2,335,38
32,XSLT,2013,2,330,28
33,Julia,2013,2,302,30
34,PostScript,2013,2,289,53
35,Dart,2013,2,272,41
36,Jupyter Notebook,2013,2,266,35
37,OCaml,2013,2,257,36
38,Common Lisp,2013,2,256,42
39,Objective-J,2013,2,223,34
40,VimL,2013,2,201,33
41,Swift,2013,2,197,27
42,ColdFusion,2013,2,189,39
43,Standard ML,2013,2,163,51
44,Matlab,2013,2,140,47
45,Makefile,2013,2,127,56
46,Factor,2013,2,117,57
47,PowerShell,2013,2,116,43
48,TeX,2013,2,112,40
49,LiveScript,2013,2,100,48
1,JavaScript,2013,3,79518,1
2,Python,2013,3,45367,2
3,Java,2013,3,35624,3
4,Ruby,2013,3,33098,5
5,PHP,2013,3,32796,4
6,C++,2013,3,16577,6
7,C,2013,3,11127,7
8,C#,2013,3,9499,8
9,Objective-C,2013,3,8331,9
10,CSS,2013,3,6582,11
11,HTML,2013,3,5838,10
12,Go,2013,3,4089,14
13,Scala,2013,3,3785,12
14,Shell,2013,3,3540,13
15,CoffeeScript,2013,3,3412,15
16,Lua,2013,3,2041,17
17,TypeScript,2013,3,2013,16
18,Haskell,2013,3,1500,20
19,Emacs Lisp,2013,3,1444,19
20,Perl,2013,3,1422,18
21,Groovy,2013,3,859,21
22,Erlang,2013,3,706,22
23,Clojure,2013,3,665,23
24,Vim script,2013,3,650,24
25,VimL,2013,3,647,33
26,XSLT,2013,3,643,28
27,Puppet,2013,3,589,31
28,Elixir,2013,3,586,29
29,Kotlin,2013,3,573,25
30,Julia,2013,3,479,30
31,Eiffel,2013,3,474,46
32,DM,2013,3,447,32
33,ActionScript,2013,3,436,26
34,Haxe,2013,3,361,38
35,TeX,2013,3,358,40
36,Swift,2013,3,350,27
37,OCaml,2013,3,313,36
38,Vala,2013,3,288,37
39,Jupyter Notebook,2013,3,267,35
40,D,2013,3,243,45
41,Dart,2013,3,241,41
42,Common Lisp,2013,3,228,42
43,PowerShell,2013,3,213,43
44,Rust,2013,3,208,49
45,Objective-J,2013,3,192,34
46,R,2013,3,190,50
47,ColdFusion,2013,3,186,39
48,Assembly,2013,3,162,61
49,Matlab,2013,3,159,47
50,F#,2013,3,150,44
51,API Blueprint,2013,3,134,64
52,LiveScript,2013,3,133,48
53,Smalltalk,2013,3,130,65
54,Visual Basic,2013,3,119,66
55,Scheme,2013,3,113,55
1,JavaScript,2013,4,92210,1
2,Python,2013,4,53499,2
3,Java,2013,4,41646,3
4,PHP,2013,4,38105,4
5,Ruby,2013,4,35217,5
6,C++,2013,4,26309,6
7,C#,2013,4,12978,8
8,C,2013,4,12138,7
9,Objective-C,2013,4,10617,9
10,HTML,2013,4,9827,10
11,CSS,2013,4,8236,11
12,Shell,2013,4,5221,13
13,Go,2013,4,4951,14
14,CoffeeScript,2013,4,4645,15
15,Scala,2013,4,4635,12
16,TypeScript,2013,4,2916,16
17,Perl,2013,4,2532,18
18,Emacs Lisp,2013,4,1791,19
19,Lua,2013,4,1597,17
20,Haskell,2013,4,1421,20
21,Swift,2013,4,1360,27
22,Groovy,2013,4,1340,21
23,Erlang,2013,4,1024,22
24,Kotlin,2013,4,1011,25
25,Clojure,2013,4,914,23
26,ActionScript,2013,4,722,26
27,Vim script,2013,4,610,24
28,Julia,2013,4,608,30
29,Puppet,2013,4,600,31
30,OCaml,2013,4,583,36
31,VimL,2013,4,487,33
32,F#,2013,4,480,44
33,Vala,2013,4,453,37
34,XSLT,2013,4,424,28
35,DM,2013,4,404,32
36,D,2013,4,377,45
37,Jupyter Notebook,2013,4,371,35
38,Elixir,2013,4,351,29
39,PowerShell,2013,4,345,43
40,TeX,2013,4,333,40
41,Brightscript,2013,4,299,52
42,Haxe,2013,4,278,38
43,Objective-J,2013,4,277,34
44,ColdFusion,2013,4,275,39
45,Rust,2013,4,265,49
46,Dart,2013,4,264,41
47,R,2013,4,245,50
48,LiveScript,2013,4,202,48
49,Ceylon,2013,4,187,58
50,Fortran,2013,4,167,60
51,Scheme,2013,4,163,55
52,Matlab,2013,4,152,47
53,Nix,2013,4,144,62
54,Common Lisp,2013,4,140,42
55,SCSS,2013,4,139,63
56,Eiffel,2013,4,128,46
57,Makefile,2013,4,116,56
58,QML,2013,4,114,68
59,Max,2013,4,113,69
60,Racket,2013,4,103,71
61,Tcl,2013,4,102,72
1,JavaScript,2014,1,124212,1
2,Python,2014,1,70525,2
3,Java,2014,1,59987,3
4,PHP,2014,1,52890,4
5,Ruby,2014,1,39506,5
6,C++,2014,1,24462,6
7,C,2014,1,16649,8
8,C#,2014,1,14511,7
9,Objective-C,2014,1,11957,10
10,HTML,2014,1,11416,9
11,CSS,2014,1,10483,12
12,CoffeeScript,2014,1,7286,13
13,Go,2014,1,6875,11
14,Shell,2014,1,6237,14
15,Scala,2014,1,5677,16
16,TypeScript,2014,1,4695,15
17,Clojure,2014,1,2275,19
18,Lua,2014,1,2166,18
19,Emacs Lisp,2014,1,2109,21
20,Haskell,2014,1,2072,17
21,Perl,2014,1,1722,25
22,Groovy,2014,1,1601,22
23,Kotlin,2014,1,1405,24
24,Erlang,2014,1,1124,26
25,Swift,2014,1,1110,20
26,Julia,2014,1,1043,27
27,Vim script,2014,1,979,30
28,Jupyter Notebook,2014,1,901,28
29,TeX,2014,1,792,33
30,DM,2014,1,708,31
31,F#,2014,1,696,29
32,Puppet,2014,1,673,40
33,Dart,2014,1,627,35
34,OCaml,2014,1,592,36
35,XSLT,2014,1,590,45
36,D,2014,1,546,41
37,Vala,2014,1,545,46
38,Apex,2014,1,528,44
39,Elixir,2014,1,508,34
40,PowerShell,2014,1,493,39
41,VimL,2014,1,486,43
42,Haxe,2014,1,464,42
43,ActionScript,2014,1,428,37
44,R,2014,1,405,32
45,Rust,2014,1,394,23
46,ColdFusion,2014,1,267,50
47,Roff,2014,1,254,62
48,Common Lisp,2014,1,252,49
49,Scheme,2014,1,237,60
50,QML,2014,1,236,53
51,Ragel in Ruby Host,2014,1,205,63
52,Nix,2014,1,199,47
53,LiveScript,2014,1,198,56
54,Brightscript,2014,1,195,77
55,Objective-J,2014,1,188,48
56,Makefile,2014,1,180,38
57,TSQL,2014,1,176,55
58,Assembly,2014,1,174,51
59,Standard ML,2014,1,155,58
61,PLpgSQL,2014,1,142,57
61,Matlab,2014,1,142,54
62,Visual Basic,2014,1,132,52
63,Max,2014,1,122,89
64,CMake,2014,1,117,67
65,ApacheConf,2014,1,110,73
66,Processing,2014,1,107,96
67,Mako,2014,1,105,98
1,JavaScript,2014,2,137097,1
2,Python,2014,2,80000,2
3,Java,2014,2,70886,3
4,PHP,2014,2,50665,4
5,Ruby,2014,2,43668,5
6,C++,2014,2,31904,6
7,C,2014,2,18007,8
8,C#,2014,2,17304,7
9,HTML,2014,2,15754,9
10,Objective-C,2014,2,13531,10
11,Haskell,2014,2,10940,17
12,CSS,2014,2,10717,12
13,Go,2014,2,10660,11
14,CoffeeScript,2014,2,8330,13
15,Shell,2014,2,7081,14
16,Scala,2014,2,6334,16
17,TypeScript,2014,2,6041,15
18,Lua,2014,2,2456,18
19,Emacs Lisp,2014,2,1950,21
20,Clojure,2014,2,1931,19
21,Rust,2014,2,1697,23
22,Perl,2014,2,1690,25
23,Groovy,2014,2,1558,22
24,Swift,2014,2,1531,20
25,Erlang,2014,2,1414,26
26,Kotlin,2014,2,1317,24
27,Julia,2014,2,1129,27
28,Jupyter Notebook,2014,2,1002,28
29,TeX,2014,2,906,33
30,Vim script,2014,2,799,30
31,F#,2014,2,791,29
32,Dart,2014,2,711,35
33,R,2014,2,702,32
34,DM,2014,2,651,31
35,Elixir,2014,2,599,34
36,ActionScript,2014,2,597,37
37,VimL,2014,2,550,43
38,D,2014,2,536,41
39,Puppet,2014,2,491,40
40,PowerShell,2014,2,475,39
41,Nix,2014,2,448,47
42,Apex,2014,2,405,44
43,OCaml,2014,2,398,36
44,Vala,2014,2,382,46
45,Haxe,2014,2,381,42
46,Objective-J,2014,2,377,48
47,Ragel in Ruby Host,2014,2,374,63
48,Makefile,2014,2,340,38
49,PLpgSQL,2014,2,323,57
50,XSLT,2014,2,317,45
51,Standard ML,2014,2,309,58
52,Common Lisp,2014,2,293,49
53,LiveScript,2014,2,288,56
54,Assembly,2014,2,275,51
55,QML,2014,2,263,53
57,Matlab,2014,2,225,54
57,Fortran,2014,2,225,61
58,Roff,2014,2,213,62
59,ColdFusion,2014,2,183,50
60,Visual Basic,2014,2,179,52
61,TSQL,2014,2,178,55
62,Scheme,2014,2,177,60
63,Eagle,2014,2,167,65
64,ASP,2014,2,156,82
65,Smalltalk,2014,2,147,64
66,MATLAB,2014,2,144,59
67,Prolog,2014,2,135,86
68,Ceylon,2014,2,131,70
69,SourcePawn,2014,2,129,69
70,CMake,2014,2,117,67
71,1C Enterprise,2014,2,116,75
72,Arduino,2014,2,115,71
73,Racket,2014,2,108,94
74,Gettext Catalog,2014,2,104,99
75,SQF,2014,2,102,66
76,SQL,2014,2,100,100
1,JavaScript,2014,3,155730,1
2,Python,2014,3,80733,2
3,Java,2014,3,65404,3
4,PHP,2014,3,58587,4
5,Ruby,2014,3,43085,5
6,C++,2014,3,32832,6
7,C#,2014,3,23982,7
8,C,2014,3,18428,8
9,HTML,2014,3,18089,9
10,Objective-C,2014,3,14475,10
11,Go,2014,3,13886,11
12,CSS,2014,3,12032,12
13,CoffeeScript,2014,3,9754,13
14,Shell,2014,3,8707,14
15,TypeScript,2014,3,8480,15
16,Scala,2014,3,8100,16
17,Haskell,2014,3,4152,17
18,Swift,2014,3,2896,20
19,Lua,2014,3,2869,18
20,Clojure,2014,3,2344,19
21,Rust,2014,3,2241,23
22,Emacs Lisp,2014,3,2147,21
23,Groovy,2014,3,1925,22
24,Perl,2014,3,1731,25
25,Kotlin,2014,3,1529,24
26,Erlang,2014,3,1375,26
27,Julia,2014,3,1368,27
28,Jupyter Notebook,2014,3,1276,28
29,Elixir,2014,3,1106,34
30,R,2014,3,1052,32
31,F#,2014,3,965,29
32,Dart,2014,3,765,35
33,DM,2014,3,739,31
34,Vim script,2014,3,724,30
35,ActionScript,2014,3,719,37
36,Makefile,2014,3,706,38
37,PowerShell,2014,3,600,39
38,OCaml,2014,3,591,36
39,D,2014,3,588,41
40,Apex,2014,3,584,44
41,TeX,2014,3,507,33
42,Objective-J,2014,3,455,48
43,VimL,2014,3,452,43
44,Puppet,2014,3,448,40
45,Assembly,2014,3,442,51
46,Vala,2014,3,397,46
47,ColdFusion,2014,3,388,50
48,Nix,2014,3,375,47
49,Haxe,2014,3,372,42
50,Common Lisp,2014,3,330,49
51,XSLT,2014,3,318,45
52,MATLAB,2014,3,249,59
54,Matlab,2014,3,248,54
54,Fortran,2014,3,248,61
55,SQF,2014,3,210,66
56,Smalltalk,2014,3,198,64
58,LiveScript,2014,3,195,56
58,Visual Basic,2014,3,195,52
59,TSQL,2014,3,185,55
60,1C Enterprise,2014,3,173,75
61,Inno Setup,2014,3,171,79
62,SourcePawn,2014,3,170,69
63,Ceylon,2014,3,165,70
64,Arduino,2014,3,164,71
65,Standard ML,2014,3,158,58
66,Scheme,2014,3,154,60
67,QML,2014,3,151,53
68,Eagle,2014,3,147,65
69,PostScript,2014,3,142,69
70,PLpgSQL,2014,3,140,57
72,Pascal,2014,3,137,74
72,Roff,2014,3,137,62
73,CMake,2014,3,125,67
74,ApacheConf,2014,3,118,73
75,Dockerfile,2014,3,114,72
76,ooc,2014,3,110,93
77,Cuda,2014,3,107,96
78,Xtend,2014,3,105,98
1,JavaScript,2014,4,179390,1
2,Python,2014,4,81662,2
3,Java,2014,4,74304,3
4,PHP,2014,4,64516,4
5,C++,2014,4,53125,6
6,Ruby,2014,4,47394,5
7,C#,2014,4,22183,7
8,C,2014,4,20525,8
9,HTML,2014,4,17257,9
10,Go,2014,4,16332,11
11,Objective-C,2014,4,14187,10
12,CSS,2014,4,13285,12
13,TypeScript,2014,4,10732,15
14,Shell,2014,4,9887,14
15,CoffeeScript,2014,4,9738,13
16,Scala,2014,4,7946,16
17,Lua,2014,4,4067,18
18,Swift,2014,4,3917,20
19,Clojure,2014,4,3495,19
20,Haskell,2014,4,3213,17
21,Rust,2014,4,3117,23
22,Kotlin,2014,4,3000,24
23,Groovy,2014,4,2614,22
24,Emacs Lisp,2014,4,2482,21
25,Perl,2014,4,2101,25
26,Erlang,2014,4,1575,26
27,F#,2014,4,1499,29
28,DM,2014,4,1390,31
29,R,2014,4,1144,32
30,Julia,2014,4,1128,27
31,Makefile,2014,4,1099,38
32,Jupyter Notebook,2014,4,1042,28
33,Vim script,2014,4,991,30
34,OCaml,2014,4,969,36
35,Haxe,2014,4,787,42
36,Dart,2014,4,731,35
37,TeX,2014,4,717,33
38,Elixir,2014,4,659,34
39,PowerShell,2014,4,655,39
41,ActionScript,2014,4,609,37
41,Puppet,2014,4,609,40
42,Nix,2014,4,585,47
43,XSLT,2014,4,565,45
44,Visual Basic,2014,4,540,52
45,VimL,2014,4,489,43
46,Apex,2014,4,446,44
48,Vala,2014,4,410,46
48,TSQL,2014,4,410,55
49,QML,2014,4,383,53
50,D,2014,4,380,41
51,Common Lisp,2014,4,378,49
52,PostScript,2014,4,342,69
53,Matlab,2014,4,337,54
54,MATLAB,2014,4,324,59
55,Dockerfile,2014,4,275,72
56,ColdFusion,2014,4,258,50
58,Eagle,2014,4,254,65
58,Objective-J,2014,4,254,48
59,SQF,2014,4,248,66
60,Smalltalk,2014,4,228,64
61,Gherkin,2014,4,211,76
62,Pascal,2014,4,207,74
63,SCSS,2014,4,193,78
64,PLpgSQL,2014,4,192,57
65,SourcePawn,2014,4,185,69
66,Fortran,2014,4,184,61
67,Assembly,2014,4,176,51
68,PureScript,2014,4,164,80
69,LiveScript,2014,4,159,56
70,Factor,2014,4,158,81
71,CMake,2014,4,157,67
72,F*,2014,4,154,83
73,ApacheConf,2014,4,152,73
74,LabVIEW,2014,4,147,84
76,Mathematica,2014,4,142,85
76,Scheme,2014,4,142,60
77,Standard ML,2014,4,141,58
78,Elm,2014,4,127,87
79,OpenEdge ABL,2014,4,123,88
80,Arduino,2014,4,115,71
81,Tcl,2014,4,114,90
83,Batchfile,2014,4,110,93
83,ABAP,2014,4,110,93
84,Ceylon,2014,4,102,70
1,JavaScript,2015,1,222962,1
2,Python,2015,1,111594,2
3,Java,2015,1,94969,3
4,PHP,2015,1,79557,4
5,Ruby,2015,1,55780,5
6,C++,2015,1,43846,6
7,C#,2015,1,32578,7
8,HTML,2015,1,26450,9
9,C,2015,1,24850,10
10,Go,2015,1,23597,8
11,CSS,2015,1,17468,12
12,Objective-C,2015,1,15661,13
13,TypeScript,2015,1,14234,11
14,Shell,2015,1,13407,14
15,CoffeeScript,2015,1,13404,15
16,Scala,2015,1,9091,16
17,Lua,2015,1,5154,18
18,Swift,2015,1,5049,17
19,Haskell,2015,1,4222,21
20,Rust,2015,1,4122,20
21,Kotlin,2015,1,4020,19
22,Clojure,2015,1,3225,23
23,Groovy,2015,1,3214,25
24,Emacs Lisp,2015,1,2977,26
25,Perl,2015,1,2826,24
26,Erlang,2015,1,1818,28
27,R,2015,1,1774,27
28,DM,2015,1,1676,29
29,Dart,2015,1,1658,22
30,Jupyter Notebook,2015,1,1585,30
31,TeX,2015,1,1490,33
32,Julia,2015,1,1453,31
33,F#,2015,1,1348,34
34,Makefile,2015,1,1321,36
35,PowerShell,2015,1,1112,35
36,OCaml,2015,1,1032,37
37,Vim script,2015,1,1001,38
38,Elixir,2015,1,888,32
39,Puppet,2015,1,878,41
40,Nix,2015,1,790,39
41,Haxe,2015,1,704,42
42,D,2015,1,700,45
43,ApacheConf,2015,1,685,59
44,QML,2015,1,662,40
45,Vala,2015,1,658,46
46,ActionScript,2015,1,555,52
47,VimL,2015,1,547,56
48,Visual Basic,2015,1,542,44
50,MATLAB,2015,1,523,51
50,XSLT,2015,1,523,54
51,Apex,2015,1,492,58
52,ColdFusion,2015,1,490,64
53,PLpgSQL,2015,1,483,43
54,TSQL,2015,1,473,48
55,Matlab,2015,1,458,53
56,PureScript,2015,1,453,57
57,Assembly,2015,1,400,63
58,Common Lisp,2015,1,393,61
59,Smalltalk,2015,1,380,50
60,Dockerfile,2015,1,375,47
61,PLSQL,2015,1,371,66
62,CMake,2015,1,366,55
64,SQF,2015,1,334,60
64,Pascal,2015,1,334,49
65,PostScript,2015,1,271,86
66,Eagle,2015,1,267,69
67,SourcePawn,2015,1,266,72
68,SCSS,2015,1,258,81
69,LabVIEW,2015,1,249,104
71,LiveScript,2015,1,248,68
71,Scheme,2015,1,248,76
72,Fortran,2015,1,219,65
73,Objective-J,2015,1,205,93
74,Roff,2015,1,202,70
75,Prolog,2015,1,189,78
76,1C Enterprise,2015,1,183,92
77,Hack,2015,1,178,100
78,Racket,2015,1,177,74
79,Gherkin,2015,1,176,82
80,Arduino,2015,1,170,67
81,Elm,2015,1,161,62
82,Standard ML,2015,1,152,76
83,M,2015,1,149,112
84,AutoHotkey,2015,1,148,79
85,F*,2015,1,146,88
86,Cucumber,2015,1,133,117
88,Rich Text Format,2015,1,127,119
88,Inno Setup,2015,1,127,87
89,Mako,2015,1,121,120
90,Max,2015,1,116,124
92,Cuda,2015,1,109,84
92,Vue,2015,1,109,80
93,Smarty,2015,1,107,94
94,Perl 6,2015,1,106,73
95,Web Ontology Language,2015,1,104,105
96,OpenEdge ABL,2015,1,102,103
97,Mathematica,2015,1,101,98
99,Processing,2015,1,100,108
99,SQLPL,2015,1,100,130
1,JavaScript,2015,2,252257,1
2,Python,2015,2,124291,2
3,Java,2015,2,107854,3
4,PHP,2015,2,82429,4
5,Ruby,2015,2,53894,5
6,C++,2015,2,48149,6
7,C#,2015,2,37234,7
8,Go,2015,2,32800,8
9,HTML,2015,2,29012,9
10,C,2015,2,27949,10
11,TypeScript,2015,2,19885,11
12,CSS,2015,2,19800,12
13,Objective-C,2015,2,17164,13
14,CoffeeScript,2015,2,16133,15
15,Shell,2015,2,16022,14
16,Scala,2015,2,11014,16
17,Swift,2015,2,8403,17
18,Dart,2015,2,6293,22
19,Rust,2015,2,4919,20
20,Lua,2015,2,4820,18
21,Kotlin,2015,2,4718,19
22,Haskell,2015,2,4316,21
23,Perl,2015,2,4061,24
24,Groovy,2015,2,3500,25
25,Clojure,2015,2,3168,23
26,Emacs Lisp,2015,2,2853,26
27,R,2015,2,2464,27
28,Erlang,2015,2,2358,28
29,DM,2015,2,1886,29
30,OCaml,2015,2,1836,37
31,PowerShell,2015,2,1429,35
32,F#,2015,2,1401,34
33,Jupyter Notebook,2015,2,1358,30
34,Julia,2015,2,1342,31
35,Makefile,2015,2,1267,36
36,Elixir,2015,2,1260,32
37,Vim script,2015,2,1202,38
38,TeX,2015,2,1170,33
39,PLpgSQL,2015,2,904,43
40,Smalltalk,2015,2,897,50
41,TSQL,2015,2,777,48
42,Haxe,2015,2,758,42
43,QML,2015,2,747,40
44,Puppet,2015,2,730,41
45,Nix,2015,2,722,39
46,D,2015,2,709,45
47,MATLAB,2015,2,705,51
48,Vala,2015,2,655,46
49,Pascal,2015,2,619,49
50,ActionScript,2015,2,609,52
51,Visual Basic,2015,2,604,44
52,Matlab,2015,2,596,53
53,XSLT,2015,2,588,54
54,VimL,2015,2,582,56
55,SQF,2015,2,519,60
57,Common Lisp,2015,2,505,61
57,CMake,2015,2,505,55
58,PureScript,2015,2,479,57
59,Dockerfile,2015,2,456,47
60,Apex,2015,2,448,58
61,Assembly,2015,2,351,63
62,PLSQL,2015,2,346,66
63,Fortran,2015,2,290,65
64,LiveScript,2015,2,269,68
65,Batchfile,2015,2,260,71
66,Eagle,2015,2,259,69
67,ApacheConf,2015,2,258,59
68,Elm,2015,2,249,62
69,Scheme,2015,2,215,76
70,APL,2015,2,213,106
71,VHDL,2015,2,206,107
72,Standard ML,2015,2,203,76
73,ColdFusion,2015,2,184,64
74,Arduino,2015,2,176,67
75,ASP,2015,2,175,109
76,Nginx,2015,2,171,77
79,Thrift,2015,2,163,101
79,OpenSCAD,2015,2,163,110
79,SCSS,2015,2,163,81
81,F*,2015,2,159,88
81,Racket,2015,2,159,74
82,Inno Setup,2015,2,158,87
83,Roff,2015,2,154,70
84,XQuery,2015,2,150,111
86,GDScript,2015,2,147,90
86,AutoHotkey,2015,2,147,79
87,Cuda,2015,2,138,84
88,Mathematica,2015,2,135,98
89,SourcePawn,2015,2,129,72
90,PostScript,2015,2,127,86
91,Objective-J,2015,2,122,93
93,AutoIt,2015,2,120,122
93,Logos,2015,2,120,91
94,ABAP,2015,2,108,95
96,Protocol Buffer,2015,2,105,96
96,Crystal,2015,2,105,97
97,Gherkin,2015,2,103,82
98,1C Enterprise,2015,2,101,92
100,Smarty,2015,2,100,94
100,Nim,2015,2,100,130
1,JavaScript,2015,3,271532,1
2,Python,2015,3,129702,2
3,Java,2015,3,113249,3
4,PHP,2015,3,88872,4
5,Ruby,2015,3,54521,5
6,C++,2015,3,52891,6
7,C#,2015,3,41701,7
8,Go,2015,3,39090,8
9,HTML,2015,3,34773,9
10,C,2015,3,28871,10
11,TypeScript,2015,3,21894,11
12,CSS,2015,3,19055,12
13,Objective-C,2015,3,18906,13
14,Shell,2015,3,18094,14
15,CoffeeScript,2015,3,13997,15
16,Scala,2015,3,11573,16
17,Swift,2015,3,10110,17
18,Lua,2015,3,5611,18
19,Rust,2015,3,4298,20
20,Kotlin,2015,3,4228,19
21,Haskell,2015,3,4151,21
22,Clojure,2015,3,3872,23
23,Emacs Lisp,2015,3,3709,26
24,Dart,2015,3,3688,22
25,Perl,2015,3,3339,24
26,R,2015,3,3231,27
27,Groovy,2015,3,3104,25
28,Erlang,2015,3,2520,28
29,Jupyter Notebook,2015,3,2248,30
30,Elixir,2015,3,2196,32
31,DM,2015,3,2138,29
32,Julia,2015,3,1926,31
33,PowerShell,2015,3,1625,35
34,F#,2015,3,1615,34
35,TeX,2015,3,1591,33
36,Makefile,2015,3,1578,36
37,OCaml,2015,3,1335,37
38,Vim script,2015,3,1200,38
39,QML,2015,3,944,40
40,Visual Basic,2015,3,850,44
41,Haxe,2015,3,801,42
42,PLpgSQL,2015,3,775,43
43,Smalltalk,2015,3,733,50
44,Nix,2015,3,726,39
45,Dockerfile,2015,3,700,47
46,TSQL,2015,3,677,48
47,D,2015,3,669,45
48,Puppet,2015,3,654,41
49,CMake,2015,3,627,55
50,ActionScript,2015,3,602,52
51,Vala,2015,3,593,46
52,Eiffel,2015,3,569,83
53,XSLT,2015,3,549,54
54,MATLAB,2015,3,536,51
55,Matlab,2015,3,512,53
56,Pascal,2015,3,458,49
57,ApacheConf,2015,3,444,59
58,PureScript,2015,3,442,57
59,Elm,2015,3,429,62
60,SQF,2015,3,424,60
62,VimL,2015,3,422,56
62,Arduino,2015,3,422,67
63,Logos,2015,3,354,91
64,ColdFusion,2015,3,347,64
65,Apex,2015,3,314,58
66,Common Lisp,2015,3,305,61
68,LiveScript,2015,3,292,68
68,Racket,2015,3,292,74
69,Batchfile,2015,3,291,71
70,Objective-C++,2015,3,278,89
71,Roff,2015,3,274,70
72,Standard ML,2015,3,270,76
73,Nginx,2015,3,260,77
74,Fortran,2015,3,245,65
75,SourcePawn,2015,3,217,72
76,Gherkin,2015,3,196,82
77,F*,2015,3,192,88
78,Eagle,2015,3,185,69
79,Perl 6,2015,3,183,73
80,Vue,2015,3,182,80
81,ABAP,2015,3,177,95
82,Assembly,2015,3,174,63
83,PLSQL,2015,3,163,66
84,AutoHotkey,2015,3,160,79
85,Cuda,2015,3,148,84
87,Factor,2015,3,145,113
87,ooc,2015,3,145,85
88,Prolog,2015,3,144,78
89,Scheme,2015,3,143,76
90,Lasso,2015,3,134,115
91,HCL,2015,3,130,118
93,Smarty,2015,3,129,94
93,Crystal,2015,3,129,97
94,Objective-J,2015,3,123,93
95,Tcl,2015,3,120,122
98,SCSS,2015,3,119,81
98,Inno Setup,2015,3,119,87
98,Protocol Buffer,2015,3,119,96
99,Mathematica,2015,3,118,98
100,Xtend,2015,3,114,102
101,Papyrus,2015,3,112,125
102,Thrift,2015,3,111,101
103,Ceylon,2015,3,108,99
104,GDScript,2015,3,107,90
105,AppleScript,2015,3,100,130
1,JavaScript,2015,4,289862,1
2,Python,2015,4,137574,2
3,Java,2015,4,125350,3
4,PHP,2015,4,89955,4
5,C++,2015,4,61457,6
6,Ruby,2015,4,54106,5
7,C#,2015,4,49762,7
8,Go,2015,4,42766,8
9,HTML,2015,4,36431,9
10,C,2015,4,32525,10
11,TypeScript,2015,4,29695,11
12,Shell,2015,4,19943,14
13,Objective-C,2015,4,19782,13
14,CSS,2015,4,19748,12
15,Swift,2015,4,13358,17
16,CoffeeScript,2015,4,12287,15
17,Scala,2015,4,10665,16
18,Lua,2015,4,6690,18
19,Kotlin,2015,4,5144,19
20,Clojure,2015,4,4960,23
21,Rust,2015,4,4754,20
22,Haskell,2015,4,4622,21
23,Dart,2015,4,4421,22
24,Perl,2015,4,4007,24
25,Emacs Lisp,2015,4,3395,26
26,Groovy,2015,4,3360,25
27,R,2015,4,2749,27
28,Jupyter Notebook,2015,4,2666,30
29,Erlang,2015,4,2598,28
30,DM,2015,4,2319,29
31,Elixir,2015,4,2197,32
32,TeX,2015,4,2012,33
33,Julia,2015,4,1895,31
34,PowerShell,2015,4,1821,35
35,F#,2015,4,1702,34
36,Makefile,2015,4,1598,36
37,OCaml,2015,4,1539,37
38,Vim script,2015,4,1231,38
39,Nix,2015,4,1094,39
40,Pascal,2015,4,988,49
41,QML,2015,4,976,40
42,Dockerfile,2015,4,937,47
43,Puppet,2015,4,809,41
44,Visual Basic,2015,4,711,44
45,Haxe,2015,4,682,42
46,PLpgSQL,2015,4,680,43
47,Vala,2015,4,609,46
48,Matlab,2015,4,593,53
49,D,2015,4,568,45
50,CMake,2015,4,550,55
51,Elm,2015,4,546,62
52,Perl 6,2015,4,525,73
53,TSQL,2015,4,519,48
54,MATLAB,2015,4,479,51
55,VimL,2015,4,452,56
56,PureScript,2015,4,444,57
57,ActionScript,2015,4,420,52
58,Fortran,2015,4,417,65
59,Prolog,2015,4,415,78
60,Apex,2015,4,394,58
62,ooc,2015,4,389,85
62,XSLT,2015,4,389,54
63,Vue,2015,4,375,80
64,Assembly,2015,4,371,63
65,Nginx,2015,4,329,77
66,Batchfile,2015,4,311,71
67,Arduino,2015,4,299,67
68,Common Lisp,2015,4,298,61
69,Smalltalk,2015,4,288,50
70,Roff,2015,4,273,70
71,ColdFusion,2015,4,267,64
72,PLSQL,2015,4,243,66
73,AutoHotkey,2015,4,238,79
74,ApacheConf,2015,4,237,59
75,SourcePawn,2015,4,234,72
76,LiveScript,2015,4,228,68
77,SQF,2015,4,226,60
78,GDScript,2015,4,225,90
79,Ceylon,2015,4,219,99
80,Objective-C++,2015,4,208,89
81,Eagle,2015,4,201,69
82,Scheme,2015,4,184,76
83,1C Enterprise,2015,4,178,92
84,Racket,2015,4,174,74
85,Standard ML,2015,4,165,76
86,Gherkin,2015,4,160,82
87,OpenEdge ABL,2015,4,157,103
88,Cuda,2015,4,155,84
89,Protocol Buffer,2015,4,149,96
90,Xtend,2015,4,147,102
91,Web Ontology Language,2015,4,139,105
93,PostScript,2015,4,135,86
93,Game Maker Language,2015,4,135,114
94,Rascal,2015,4,133,117
95,Crystal,2015,4,130,97
96,Hack,2015,4,125,100
97,Inno Setup,2015,4,122,87
99,SCSS,2015,4,119,81
99,Groff,2015,4,119,123
100,Smarty,2015,4,113,94
101,ABAP,2015,4,108,95
102,Modelica,2015,4,106,126
103,Processing,2015,4,102,108
104,NSIS,2015,4,101,127
1,JavaScript,2016,1,341480,1
2,Python,2016,1,156217,2
3,Java,2016,1,141490,3
4,PHP,2016,1,102200,4
5,C++,2016,1,68959,5
6,Ruby,2016,1,59768,9
7,Go,2016,1,56474,8
8,C#,2016,1,55768,7
9,TypeScript,2016,1,42218,6
10,HTML,2016,1,41575,11
11,C,2016,1,34996,10
12,Shell,2016,1,24058,12
13,CSS,2016,1,23708,13
14,Objective-C,2016,1,18937,15
15,Swift,2016,1,16074,14
16,Scala,2016,1,12614,16
17,CoffeeScript,2016,1,11845,17
18,Rust,2016,1,7529,20
19,Lua,2016,1,6925,19
20,Kotlin,2016,1,6899,18
21,Dart,2016,1,4789,24
22,Perl,2016,1,4742,21
23,Haskell,2016,1,4630,22
24,Jupyter Notebook,2016,1,4285,23
25,Clojure,2016,1,4205,25
26,Groovy,2016,1,3856,26
27,Emacs Lisp,2016,1,3403,29
28,R,2016,1,3297,28
29,Erlang,2016,1,2900,31
30,Elixir,2016,1,2708,27
31,PowerShell,2016,1,2634,30
32,DM,2016,1,2360,34
33,OCaml,2016,1,2087,32
34,TeX,2016,1,1937,37
35,Vim script,2016,1,1907,36
36,Julia,2016,1,1756,35
37,Makefile,2016,1,1686,38
38,Visual Basic,2016,1,1583,41
39,F#,2016,1,1397,39
40,Nix,2016,1,1308,40
41,D,2016,1,1135,44
42,Dockerfile,2016,1,1026,42
43,Pascal,2016,1,1003,47
44,TSQL,2016,1,965,52
45,Vala,2016,1,952,45
46,QML,2016,1,796,46
47,Haxe,2016,1,774,43
48,Smalltalk,2016,1,771,53
49,Puppet,2016,1,742,55
50,MATLAB,2016,1,714,49
51,Matlab,2016,1,691,50
52,Vue,2016,1,546,33
53,PLpgSQL,2016,1,542,51
54,Elm,2016,1,534,48
55,CMake,2016,1,514,54
56,XSLT,2016,1,464,64
57,Fortran,2016,1,455,60
58,VimL,2016,1,446,79
59,Common Lisp,2016,1,439,58
60,PureScript,2016,1,422,61
61,Apex,2016,1,417,67
62,SQF,2016,1,398,56
63,ActionScript,2016,1,390,69
64,Arduino,2016,1,370,71
65,Batchfile,2016,1,365,68
66,Assembly,2016,1,350,76
67,SourcePawn,2016,1,340,57
68,PLSQL,2016,1,339,74
69,Perl 6,2016,1,304,63
70,ColdFusion,2016,1,301,66
71,Crystal,2016,1,299,70
72,LiveScript,2016,1,288,92
73,Smarty,2016,1,285,96
74,Cuda,2016,1,278,77
75,Objective-C++,2016,1,274,59
76,Rascal,2016,1,269,81
77,Nginx,2016,1,267,79
78,1C Enterprise,2016,1,266,80
79,Scheme,2016,1,265,72
81,ooc,2016,1,240,117
81,Roff,2016,1,240,62
82,ABAP,2016,1,237,82
83,OpenEdge ABL,2016,1,231,86
84,Standard ML,2016,1,227,83
85,VHDL,2016,1,193,90
86,Xtend,2016,1,192,94
87,Eagle,2016,1,189,95
88,AutoHotkey,2016,1,188,75
89,Gherkin,2016,1,174,73
91,Protocol Buffer,2016,1,168,105
91,HCL,2016,1,168,88
92,Ceylon,2016,1,160,65
93,GLSL,2016,1,154,98
94,Racket,2016,1,152,89
95,BitBake,2016,1,151,87
96,Factor,2016,1,144,122
97,Ada,2016,1,140,115
98,PostScript,2016,1,132,93
99,ASP,2016,1,131,100
100,Processing,2016,1,130,99
101,Inform 7,2016,1,129,123
102,GDScript,2016,1,128,97
103,SCSS,2016,1,127,84
104,SQLPL,2016,1,126,103
107,Pawn,2016,1,116,92
107,WebAssembly,2016,1,116,126
107,Verilog,2016,1,116,110
108,Prolog,2016,1,115,117
109,FORTRAN,2016,1,113,119
110,SaltStack,2016,1,111,106
111,Jinja,2016,1,108,101
112,Rich Text Format,2016,1,103,108
1,JavaScript,2016,2,319149,1
2,Python,2016,2,155586,2
3,Java,2016,2,144151,3
4,PHP,2016,2,93859,4
5,C++,2016,2,66252,5
6,Ruby,2016,2,58896,9
7,Go,2016,2,58174,8
8,C#,2016,2,57742,7
9,TypeScript,2016,2,55301,6
10,C,2016,2,46635,10
11,HTML,2016,2,37118,11
12,CSS,2016,2,23638,13
13,Shell,2016,2,23418,12
14,Objective-C,2016,2,17917,15
15,Swift,2016,2,17834,14
16,Scala,2016,2,12367,16
17,CoffeeScript,2016,2,9997,17
18,Lua,2016,2,7401,19
19,Kotlin,2016,2,7336,18
20,Rust,2016,2,6204,20
21,Haskell,2016,2,5056,22
22,Perl,2016,2,4197,21
23,Groovy,2016,2,4157,26
24,Jupyter Notebook,2016,2,4113,23
25,Dart,2016,2,4077,24
26,Clojure,2016,2,3854,25
27,R,2016,2,3438,28
28,Elixir,2016,2,3217,27
29,Emacs Lisp,2016,2,2874,29
30,PowerShell,2016,2,2659,30
31,Erlang,2016,2,2631,31
32,TeX,2016,2,2251,37
33,DM,2016,2,2195,34
34,OCaml,2016,2,2126,32
35,Julia,2016,2,2003,35
36,Makefile,2016,2,1538,38
37,Vim script,2016,2,1491,36
38,F#,2016,2,1386,39
39,Nix,2016,2,1180,40
40,Visual Basic,2016,2,1063,41
41,Dockerfile,2016,2,1015,42
42,PLpgSQL,2016,2,1014,51
43,Vue,2016,2,969,33
44,Haxe,2016,2,960,43
45,Matlab,2016,2,850,50
46,Smalltalk,2016,2,847,53
47,D,2016,2,830,44
48,QML,2016,2,770,46
49,Elm,2016,2,751,48
50,SQF,2016,2,710,56
51,TSQL,2016,2,702,52
52,Common Lisp,2016,2,673,58
53,Vala,2016,2,654,45
54,CMake,2016,2,651,54
55,MATLAB,2016,2,584,49
56,Pascal,2016,2,569,47
57,Puppet,2016,2,562,55
58,ActionScript,2016,2,555,69
59,Ceylon,2016,2,526,65
60,SourcePawn,2016,2,475,57
61,PureScript,2016,2,451,61
62,Fortran,2016,2,430,60
63,Objective-C++,2016,2,421,59
64,Batchfile,2016,2,405,68
65,XSLT,2016,2,403,64
66,Perl 6,2016,2,369,63
67,Roff,2016,2,340,62
68,Apex,2016,2,339,67
69,Scheme,2016,2,332,72
70,SAS,2016,2,331,109
71,Arduino,2016,2,324,71
72,Crystal,2016,2,308,70
73,VimL,2016,2,292,79
74,Tcl,2016,2,290,104
75,Web Ontology Language,2016,2,286,86
76,ColdFusion,2016,2,281,66
78,1C Enterprise,2016,2,277,80
78,SQLPL,2016,2,277,103
79,Assembly,2016,2,266,76
80,Nginx,2016,2,265,79
81,PLSQL,2016,2,259,74
82,SCSS,2016,2,247,84
83,AutoHotkey,2016,2,231,75
84,Processing,2016,2,228,99
85,OpenEdge ABL,2016,2,224,86
86,GDScript,2016,2,219,97
87,GAP,2016,2,213,120
88,ABAP,2016,2,212,82
89,Xtend,2016,2,209,94
90,Rascal,2016,2,202,81
91,Racket,2016,2,197,89
92,Cuda,2016,2,188,77
93,GLSL,2016,2,182,98
94,Gherkin,2016,2,181,73
95,BitBake,2016,2,177,87
96,Standard ML,2016,2,171,83
97,PostScript,2016,2,159,93
99,Rich Text Format,2016,2,158,108
99,HCL,2016,2,158,88
100,Pawn,2016,2,157,92
101,ApacheConf,2016,2,150,121
102,Eagle,2016,2,144,95
103,YAML,2016,2,142,111
104,Protocol Buffer,2016,2,141,105
105,Smarty,2016,2,138,96
106,F*,2016,2,137,102
107,ASP,2016,2,136,100
108,LiveScript,2016,2,131,92
109,Prolog,2016,2,125,117
110,KiCad,2016,2,116,126
112,VHDL,2016,2,111,90
112,SaltStack,2016,2,111,106
113,Inno Setup,2016,2,108,127
114,FORTRAN,2016,2,106,119
1,JavaScript,2016,3,300925,1
2,Python,2016,3,158667,2
3,Java,2016,3,147798,3
4,PHP,2016,3,90222,4
5,C#,2016,3,69820,7
6,TypeScript,2016,3,69819,6
7,C++,2016,3,64794,5
8,Go,2016,3,59166,8
9,Ruby,2016,3,51250,9
10,C,2016,3,34084,10
11,HTML,2016,3,32927,11
12,Shell,2016,3,22577,12
13,CSS,2016,3,20877,13
14,Swift,2016,3,20687,14
15,Objective-C,2016,3,18339,15
16,Scala,2016,3,11051,16
17,CoffeeScript,2016,3,8932,17
18,Kotlin,2016,3,8399,18
19,Lua,2016,3,7579,19
20,Rust,2016,3,6482,20
21,Jupyter Notebook,2016,3,4699,23
22,Haskell,2016,3,4616,22
23,Elixir,2016,3,3669,27
24,Clojure,2016,3,3591,25
25,Dart,2016,3,3590,24
26,Perl,2016,3,3444,21
27,Groovy,2016,3,3040,26
28,R,2016,3,2997,28
29,Emacs Lisp,2016,3,2678,29
30,PowerShell,2016,3,2560,30
31,OCaml,2016,3,2262,32
32,Erlang,2016,3,2206,31
33,Julia,2016,3,2074,35
34,Vim script,2016,3,1639,36
35,Vue,2016,3,1628,33
36,F#,2016,3,1384,39
37,TeX,2016,3,1376,37
38,Makefile,2016,3,1367,38
39,Nix,2016,3,1325,40
40,DM,2016,3,1302,34
41,Dockerfile,2016,3,1022,42
42,Visual Basic,2016,3,930,41
43,Vala,2016,3,899,45
44,SourcePawn,2016,3,852,57
45,Haxe,2016,3,819,43
46,QML,2016,3,790,46
47,Matlab,2016,3,743,50
48,Pascal,2016,3,726,47
49,MATLAB,2016,3,686,49
50,D,2016,3,659,44
51,Elm,2016,3,651,48
52,PLpgSQL,2016,3,619,51
53,Objective-C++,2016,3,598,59
54,Ceylon,2016,3,597,65
55,Perl 6,2016,3,552,63
56,Puppet,2016,3,548,55
57,ColdFusion,2016,3,545,66
58,Roff,2016,3,502,62
59,SQF,2016,3,491,56
60,TSQL,2016,3,453,52
61,PureScript,2016,3,449,61
62,CMake,2016,3,429,54
63,Common Lisp,2016,3,425,58
64,Apex,2016,3,420,67
65,Fortran,2016,3,402,60
66,Smalltalk,2016,3,390,53
67,Batchfile,2016,3,387,68
68,Crystal,2016,3,368,70
69,Scheme,2016,3,352,72
71,XSLT,2016,3,326,64
71,Nginx,2016,3,326,79
72,Standard ML,2016,3,321,83
73,Arduino,2016,3,310,71
74,PLSQL,2016,3,307,74
75,Gherkin,2016,3,299,73
76,Web Ontology Language,2016,3,289,86
77,SCSS,2016,3,266,84
78,ActionScript,2016,3,264,69
79,AutoHotkey,2016,3,259,75
82,Racket,2016,3,246,89
82,Processing,2016,3,246,99
82,Cuda,2016,3,246,77
83,BitBake,2016,3,244,87
84,Assembly,2016,3,240,76
85,F*,2016,3,232,102
86,ABAP,2016,3,204,82
87,SaltStack,2016,3,203,106
88,HCL,2016,3,202,88
91,OpenEdge ABL,2016,3,197,86
91,RobotFramework,2016,3,197,107
91,Rascal,2016,3,197,81
92,Pawn,2016,3,196,92
93,Jinja,2016,3,185,101
94,1C Enterprise,2016,3,178,80
95,VimL,2016,3,176,79
96,Tcl,2016,3,175,104
98,Xtend,2016,3,166,94
98,GDScript,2016,3,166,97
99,GLSL,2016,3,164,98
100,Eagle,2016,3,162,95
101,LabVIEW,2016,3,154,112
102,Protocol Buffer,2016,3,136,105
103,PostScript,2016,3,133,93
104,LiveScript,2016,3,132,92
105,VHDL,2016,3,124,90
106,Nim,2016,3,111,118
107,ASP,2016,3,110,100
108,Smarty,2016,3,108,96
109,Ada,2016,3,107,115
110,Max,2016,3,106,128
111,Pug,2016,3,105,129
113,SQLPL,2016,3,102,103
113,Objective-J,2016,3,102,132
1,JavaScript,2016,4,294457,1
2,Java,2016,4,167850,3
3,Python,2016,4,156299,2
4,PHP,2016,4,88617,4
5,TypeScript,2016,4,76790,6
6,C++,2016,4,66106,5
7,Go,2016,4,63683,8
8,C#,2016,4,59464,7
9,Ruby,2016,4,48860,9
10,HTML,2016,4,36111,11
11,C,2016,4,35647,10
12,Shell,2016,4,23655,12
13,Swift,2016,4,22337,14
14,CSS,2016,4,22177,13
15,Objective-C,2016,4,16691,15
16,Scala,2016,4,12524,16
17,CoffeeScript,2016,4,8065,17
18,Lua,2016,4,7562,19
19,Kotlin,2016,4,6910,18
20,Rust,2016,4,6302,20
21,Perl,2016,4,6040,21
22,Jupyter Notebook,2016,4,4911,23
23,Vue,2016,4,4307,33
24,Elixir,2016,4,4035,27
25,Haskell,2016,4,3770,22
26,Dart,2016,4,3681,24
27,Clojure,2016,4,3570,25
28,R,2016,4,3287,28
29,Groovy,2016,4,3089,26
30,Emacs Lisp,2016,4,2629,29
31,PowerShell,2016,4,2621,30
32,OCaml,2016,4,2542,32
33,Erlang,2016,4,2426,31
34,Vim script,2016,4,2064,36
35,F#,2016,4,1675,39
36,TeX,2016,4,1432,37
37,Julia,2016,4,1426,35
38,DM,2016,4,1421,34
39,Makefile,2016,4,1363,38
40,Nix,2016,4,1234,40
41,Dockerfile,2016,4,1175,42
42,Visual Basic,2016,4,1089,41
43,Elm,2016,4,999,48
44,MATLAB,2016,4,934,49
45,Haxe,2016,4,837,43
46,Pascal,2016,4,777,47
47,QML,2016,4,753,46
48,Vala,2016,4,752,45
49,CMake,2016,4,742,54
50,D,2016,4,734,44
51,TSQL,2016,4,668,52
52,PLpgSQL,2016,4,649,51
53,Matlab,2016,4,621,50
54,Smalltalk,2016,4,601,53
55,Objective-C++,2016,4,591,59
56,Common Lisp,2016,4,574,58
57,Roff,2016,4,571,62
58,SQF,2016,4,565,56
59,Gherkin,2016,4,534,73
60,Fortran,2016,4,496,60
61,AutoHotkey,2016,4,488,75
62,SourcePawn,2016,4,471,57
63,Puppet,2016,4,464,55
64,ColdFusion,2016,4,438,66
65,XSLT,2016,4,426,64
66,Crystal,2016,4,415,70
67,Perl 6,2016,4,400,63
68,PureScript,2016,4,396,61
69,Cuda,2016,4,364,77
70,Apex,2016,4,336,67
71,Web Ontology Language,2016,4,313,86
72,Arduino,2016,4,310,71
73,Ceylon,2016,4,308,65
74,Batchfile,2016,4,305,68
75,BitBake,2016,4,294,87
76,Rascal,2016,4,293,81
77,VHDL,2016,4,289,90
78,1C Enterprise,2016,4,288,80
79,ABAP,2016,4,287,82
80,Visual Basic .NET,2016,4,275,113
81,PLSQL,2016,4,272,74
82,Scheme,2016,4,270,72
83,SCSS,2016,4,266,84
85,Assembly,2016,4,262,76
85,PostScript,2016,4,262,93
86,NSIS,2016,4,248,114
87,HCL,2016,4,243,88
88,OpenEdge ABL,2016,4,236,86
89,Pawn,2016,4,232,92
90,Jinja,2016,4,231,101
91,ActionScript,2016,4,230,69
92,Standard ML,2016,4,217,83
93,Nginx,2016,4,191,79
94,Verilog,2016,4,183,110
95,RobotFramework,2016,4,180,107
96,Eagle,2016,4,174,95
97,ASP,2016,4,160,100
98,LiveScript,2016,4,150,92
99,YAML,2016,4,141,111
100,F*,2016,4,138,102
101,Smarty,2016,4,136,96
102,VimL,2016,4,135,79
105,GLSL,2016,4,125,98
105,Racket,2016,4,125,89
105,Nim,2016,4,125,118
106,LabVIEW,2016,4,124,112
107,ZenScript,2016,4,122,124
108,GDScript,2016,4,117,97
109,Xtend,2016,4,112,94
110,Rich Text Format,2016,4,104,108
111,Nunjucks,2016,4,103,130
112,M,2016,4,102,132
1,JavaScript,2017,1,324223,1
2,Java,2017,1,186563,3
3,Python,2017,1,186405,2
4,PHP,2017,1,100275,5
5,TypeScript,2017,1,92129,4
6,Go,2017,1,82613,7
7,C++,2017,1,76431,6
8,C#,2017,1,68483,8
9,Ruby,2017,1,54339,9
10,HTML,2017,1,41473,11
11,C,2017,1,39523,10
12,Shell,2017,1,27348,12
13,CSS,2017,1,22527,13
14,Swift,2017,1,21589,14
15,Objective-C,2017,1,16485,15
16,Scala,2017,1,14967,16
17,Kotlin,2017,1,9760,17
18,Lua,2017,1,9386,20
19,Rust,2017,1,9213,19
20,CoffeeScript,2017,1,7774,21
21,Vue,2017,1,6841,18
22,Jupyter Notebook,2017,1,6063,22
23,Dart,2017,1,5062,24
24,Perl,2017,1,4922,26
25,R,2017,1,4613,23
26,Elixir,2017,1,4380,25
27,Haskell,2017,1,4316,27
28,Clojure,2017,1,4038,30
29,Groovy,2017,1,3841,28
30,Vim script,2017,1,3231,33
31,PowerShell,2017,1,3151,29
32,Emacs Lisp,2017,1,2800,31
33,Erlang,2017,1,2685,34
34,OCaml,2017,1,2679,32
35,DM,2017,1,2231,35
36,TeX,2017,1,1746,37
37,Nix,2017,1,1552,40
38,Makefile,2017,1,1537,38
39,F#,2017,1,1512,39
40,Dockerfile,2017,1,1384,42
41,Julia,2017,1,1294,43
42,Vala,2017,1,1219,36
43,Elm,2017,1,1194,44
44,Visual Basic,2017,1,1076,49
45,MATLAB,2017,1,1045,45
46,D,2017,1,994,48
47,Objective-C++,2017,1,953,67
48,Batchfile,2017,1,908,70
49,TSQL,2017,1,844,52
50,PLpgSQL,2017,1,809,47
51,Pascal,2017,1,789,46
52,QML,2017,1,723,50
53,Haxe,2017,1,713,60
54,Fortran,2017,1,694,41
55,Smalltalk,2017,1,675,57
56,Roff,2017,1,649,56
57,Gherkin,2017,1,600,59
58,CMake,2017,1,582,56
59,Matlab,2017,1,560,53
60,SQF,2017,1,559,62
61,Common Lisp,2017,1,539,63
62,XSLT,2017,1,538,66
63,PureScript,2017,1,535,65
64,Apex,2017,1,525,71
65,Puppet,2017,1,493,69
66,UnrealScript,2017,1,486,81
67,Crystal,2017,1,464,54
68,RobotFramework,2017,1,451,68
69,SourcePawn,2017,1,440,61
70,Smarty,2017,1,420,82
71,Perl 6,2017,1,400,64
72,HCL,2017,1,391,51
73,AutoHotkey,2017,1,386,76
74,Web Ontology Language,2017,1,372,101
75,Arduino,2017,1,352,79
76,ActionScript,2017,1,343,92
77,SCSS,2017,1,333,74
78,ColdFusion,2017,1,329,75
79,ABAP,2017,1,301,83
80,GLSL,2017,1,296,80
81,PLSQL,2017,1,291,77
82,Assembly,2017,1,259,74
83,PostScript,2017,1,256,87
84,Jinja,2017,1,252,78
85,Racket,2017,1,248,85
86,Scheme,2017,1,242,85
87,Visual Basic .NET,2017,1,205,72
88,VHDL,2017,1,204,95
91,NSIS,2017,1,199,110
91,Nim,2017,1,199,86
91,Rascal,2017,1,199,97
92,Cuda,2017,1,197,88
93,Nunjucks,2017,1,192,93
94,Verilog,2017,1,191,90
95,BitBake,2017,1,189,89
96,Pawn,2017,1,188,118
97,1C Enterprise,2017,1,187,100
98,AutoIt,2017,1,168,111
99,Hack,2017,1,167,104
100,Logos,2017,1,160,112
101,Standard ML,2017,1,157,94
102,F*,2017,1,154,96
103,Xtend,2017,1,152,98
104,FreeMarker,2017,1,151,58
105,Rich Text Format,2017,1,145,108
106,Common Workflow Language,2017,1,144,119
107,Tcl,2017,1,142,105
108,Protocol Buffer,2017,1,133,121
109,KiCad,2017,1,131,116
110,Ceylon,2017,1,123,113
111,GDScript,2017,1,122,91
112,ZenScript,2017,1,117,124
113,SaltStack,2017,1,114,114
114,LabVIEW,2017,1,108,106
115,Inform 7,2017,1,107,129
116,OpenEdge ABL,2017,1,106,130
117,ASP,2017,1,101,107
1,JavaScript,2017,2,315237,1
2,Python,2017,2,182148,2
3,Java,2017,2,181404,3
4,TypeScript,2017,2,98231,4
5,PHP,2017,2,94812,5
6,C++,2017,2,76783,6
7,Go,2017,2,75156,7
8,C#,2017,2,63485,8
9,Ruby,2017,2,50332,9
10,C,2017,2,37890,10
11,HTML,2017,2,37215,11
12,Shell,2017,2,26722,12
13,CSS,2017,2,22059,13
14,Swift,2017,2,19818,14
15,Objective-C,2017,2,14726,15
16,Scala,2017,2,14014,16
17,Kotlin,2017,2,11457,17
18,Lua,2017,2,9580,20
19,Rust,2017,2,9270,19
20,Vue,2017,2,8247,18
21,CoffeeScript,2017,2,6487,21
22,Jupyter Notebook,2017,2,6068,22
23,R,2017,2,4847,23
24,Dart,2017,2,4675,24
25,Haskell,2017,2,4612,27
26,Perl,2017,2,4334,26
27,Elixir,2017,2,4122,25
28,Groovy,2017,2,3849,28
29,PowerShell,2017,2,3700,29
30,Clojure,2017,2,3446,30
31,Emacs Lisp,2017,2,3288,31
32,Vim script,2017,2,2793,33
33,Erlang,2017,2,2445,34
34,DM,2017,2,2414,35
35,OCaml,2017,2,2379,32
36,TeX,2017,2,2120,37
37,Vala,2017,2,2030,36
38,F#,2017,2,1734,39
39,Makefile,2017,2,1645,38
40,Nix,2017,2,1457,40
41,Julia,2017,2,1266,43
42,Dockerfile,2017,2,1230,42
43,HCL,2017,2,1131,51
44,Elm,2017,2,1055,44
45,PLpgSQL,2017,2,1017,47
46,QML,2017,2,942,50
47,MATLAB,2017,2,876,45
48,Matlab,2017,2,875,53
49,D,2017,2,815,48
50,Visual Basic,2017,2,780,49
51,FreeMarker,2017,2,738,58
53,Crystal,2017,2,670,54
53,Pascal,2017,2,670,46
54,CMake,2017,2,647,56
55,Smalltalk,2017,2,643,57
56,SQF,2017,2,599,62
57,Common Lisp,2017,2,598,63
58,PureScript,2017,2,578,65
59,Gherkin,2017,2,558,59
60,Haxe,2017,2,548,60
61,Fortran,2017,2,526,41
62,Perl 6,2017,2,520,64
63,Objective-C++,2017,2,506,67
64,Visual Basic .NET,2017,2,498,72
65,Roff,2017,2,492,56
66,RobotFramework,2017,2,482,68
67,Jinja,2017,2,473,78
68,XSLT,2017,2,453,66
69,Puppet,2017,2,434,69
70,Verilog,2017,2,402,90
71,ColdFusion,2017,2,396,75
72,TSQL,2017,2,390,52
73,SourcePawn,2017,2,386,61
74,Arduino,2017,2,385,79
75,SCSS,2017,2,380,74
76,BitBake,2017,2,367,89
77,Batchfile,2017,2,363,70
78,Apex,2017,2,339,71
79,Cuda,2017,2,321,88
80,UnrealScript,2017,2,304,81
81,Scheme,2017,2,288,85
82,GLSL,2017,2,267,80
84,Rascal,2017,2,256,97
84,PLSQL,2017,2,256,77
85,AutoHotkey,2017,2,253,76
86,F*,2017,2,249,96
87,Assembly,2017,2,236,74
89,Nim,2017,2,233,86
89,ABAP,2017,2,233,83
90,Smarty,2017,2,229,82
91,GDScript,2017,2,210,91
93,ActionScript,2017,2,207,92
93,Racket,2017,2,207,85
94,PostScript,2017,2,206,87
95,Rich Text Format,2017,2,203,108
96,Standard ML,2017,2,198,94
97,Nunjucks,2017,2,191,93
98,VHDL,2017,2,185,95
99,Starlark,2017,2,182,99
100,1C Enterprise,2017,2,160,100
101,Web Ontology Language,2017,2,151,101
102,LabVIEW,2017,2,126,106
105,Hack,2017,2,125,104
105,Ceylon,2017,2,125,113
105,ASP,2017,2,125,107
106,LiveScript,2017,2,117,124
108,YAML,2017,2,110,125
108,NSIS,2017,2,110,110
109,Stata,2017,2,106,115
110,Logos,2017,2,103,112
111,KiCad,2017,2,102,116
112,Xtend,2017,2,100,98
1,JavaScript,2017,3,309826,1
2,Python,2017,3,180257,2
3,Java,2017,3,161263,3
4,TypeScript,2017,3,94605,4
5,PHP,2017,3,91850,5
6,C++,2017,3,76781,6
7,Go,2017,3,73656,7
8,C#,2017,3,63017,8
9,Ruby,2017,3,42102,9
10,C,2017,3,36779,10
11,HTML,2017,3,33327,11
12,Shell,2017,3,25190,12
13,CSS,2017,3,21251,13
14,Swift,2017,3,19201,14
15,Objective-C,2017,3,13900,15
16,Kotlin,2017,3,12687,17
17,Scala,2017,3,12317,16
18,Vue,2017,3,9386,18
19,Rust,2017,3,8935,19
20,Lua,2017,3,8394,20
21,Jupyter Notebook,2017,3,5916,22
22,CoffeeScript,2017,3,5471,21
23,Elixir,2017,3,4815,25
24,R,2017,3,4426,23
25,Dart,2017,3,3890,24
26,Haskell,2017,3,3845,27
27,Groovy,2017,3,3778,28
28,Perl,2017,3,3479,26
29,PowerShell,2017,3,3401,29
30,Emacs Lisp,2017,3,3291,31
31,OCaml,2017,3,2955,32
32,Clojure,2017,3,2865,30
33,Erlang,2017,3,2782,34
34,Vim script,2017,3,2517,33
35,Makefile,2017,3,1923,38
36,F#,2017,3,1844,39
37,Vala,2017,3,1840,36
38,DM,2017,3,1724,35
39,Nix,2017,3,1521,40
40,TeX,2017,3,1325,37
41,Pascal,2017,3,1309,46
42,Dockerfile,2017,3,1265,42
43,Julia,2017,3,1113,43
44,D,2017,3,1085,48
45,PLpgSQL,2017,3,1035,47
46,Elm,2017,3,997,44
47,MATLAB,2017,3,906,45
48,FreeMarker,2017,3,738,58
49,TSQL,2017,3,716,52
50,SourcePawn,2017,3,713,61
51,HCL,2017,3,712,51
52,Visual Basic,2017,3,678,49
53,QML,2017,3,665,50
54,Fortran,2017,3,632,41
55,Perl 6,2017,3,625,64
56,Matlab,2017,3,617,53
57,Crystal,2017,3,599,54
58,CMake,2017,3,590,56
59,Puppet,2017,3,543,69
60,Assembly,2017,3,513,74
61,Common Lisp,2017,3,512,63
62,Smalltalk,2017,3,505,57
63,Visual Basic .NET,2017,3,503,72
64,RobotFramework,2017,3,494,68
65,Gherkin,2017,3,485,59
66,PureScript,2017,3,476,65
67,Racket,2017,3,461,85
68,XSLT,2017,3,452,66
69,Roff,2017,3,440,56
70,Apex,2017,3,422,71
71,SQF,2017,3,408,62
72,AutoHotkey,2017,3,406,76
73,Haxe,2017,3,398,60
74,PLSQL,2017,3,386,77
76,Xtend,2017,3,329,98
76,ColdFusion,2017,3,329,75
77,SCSS,2017,3,320,74
78,Nim,2017,3,318,86
79,BitBake,2017,3,316,89
80,Cuda,2017,3,309,88
81,PostScript,2017,3,305,87
82,ABAP,2017,3,299,83
83,Rascal,2017,3,294,97
84,Starlark,2017,3,244,99
86,Smarty,2017,3,239,82
86,Arduino,2017,3,239,79
87,Uno,2017,3,230,102
88,Scheme,2017,3,229,85
89,Batchfile,2017,3,220,70
90,Standard ML,2017,3,218,94
91,Jinja,2017,3,211,78
92,Verilog,2017,3,210,90
93,Nunjucks,2017,3,205,93
94,ActionScript,2017,3,196,92
95,VHDL,2017,3,194,95
96,GDScript,2017,3,175,91
98,F*,2017,3,174,96
98,API Blueprint,2017,3,174,109
99,Objective-C++,2017,3,166,67
100,GLSL,2017,3,160,80
101,UnrealScript,2017,3,157,81
102,LabVIEW,2017,3,149,106
103,1C Enterprise,2017,3,141,100
104,Stata,2017,3,128,115
105,Hack,2017,3,124,104
106,Tcl,2017,3,122,105
107,Mathematica,2017,3,114,103
108,LLVM,2017,3,109,126
1,JavaScript,2017,4,283325,1
2,Python,2017,4,175155,2
3,Java,2017,4,153401,3
4,TypeScript,2017,4,95794,4
5,PHP,2017,4,89540,5
6,C++,2017,4,79436,6
7,Go,2017,4,68869,7
8,C#,2017,4,63705,8
9,C,2017,4,36786,10
10,Ruby,2017,4,36779,9
11,HTML,2017,4,30703,11
12,Shell,2017,4,22518,12
13,Swift,2017,4,20244,14
14,CSS,2017,4,19493,13
15,Objective-C,2017,4,13508,15
16,Kotlin,2017,4,13027,17
17,Vue,2017,4,10824,18
18,Scala,2017,4,10545,16
19,Rust,2017,4,7879,19
20,Lua,2017,4,5975,20
21,Jupyter Notebook,2017,4,5770,22
22,CoffeeScript,2017,4,5198,21
23,Dart,2017,4,3977,24
24,Fortran,2017,4,3933,41
26,Groovy,2017,4,3899,28
26,Elixir,2017,4,3899,25
27,R,2017,4,3806,23
28,PowerShell,2017,4,3676,29
29,Perl,2017,4,3565,26
30,Clojure,2017,4,3454,30
31,Emacs Lisp,2017,4,3241,31
32,Haskell,2017,4,3002,27
33,OCaml,2017,4,2982,32
34,Vim script,2017,4,2308,33
35,DM,2017,4,2184,35
36,Erlang,2017,4,2160,34
37,Vala,2017,4,1780,36
38,Nix,2017,4,1729,40
39,Dockerfile,2017,4,1450,42
40,Makefile,2017,4,1327,38
41,F#,2017,4,1293,39
42,TeX,2017,4,1268,37
43,MATLAB,2017,4,1121,45
44,Pascal,2017,4,958,46
45,Julia,2017,4,899,43
46,PLpgSQL,2017,4,837,47
47,Visual Basic,2017,4,822,49
48,Roff,2017,4,790,56
49,Elm,2017,4,784,44
50,Crystal,2017,4,735,54
51,D,2017,4,606,48
52,TSQL,2017,4,587,52
53,SourcePawn,2017,4,565,61
54,CMake,2017,4,552,56
55,SQF,2017,4,524,62
56,FreeMarker,2017,4,502,58
57,QML,2017,4,500,50
58,Gherkin,2017,4,485,59
59,Matlab,2017,4,480,53
60,HCL,2017,4,474,51
61,Haxe,2017,4,447,60
62,Common Lisp,2017,4,404,63
63,GLSL,2017,4,402,80
64,GDScript,2017,4,401,91
65,XSLT,2017,4,400,66
66,Apex,2017,4,381,71
67,Mathematica,2017,4,380,103
68,Assembly,2017,4,370,74
69,Perl 6,2017,4,365,64
70,SCSS,2017,4,345,74
71,Smalltalk,2017,4,320,57
72,RobotFramework,2017,4,317,68
73,ColdFusion,2017,4,311,75
74,Visual Basic .NET,2017,4,309,72
76,Nim,2017,4,308,86
76,AutoHotkey,2017,4,308,76
77,PureScript,2017,4,302,65
78,Scheme,2017,4,301,85
79,PLSQL,2017,4,296,77
80,Standard ML,2017,4,293,94
81,Nunjucks,2017,4,289,93
82,PostScript,2017,4,286,87
83,Uno,2017,4,277,102
84,ABAP,2017,4,262,83
85,Starlark,2017,4,258,99
86,Puppet,2017,4,246,69
87,Smarty,2017,4,231,82
88,VHDL,2017,4,223,95
89,Jinja,2017,4,212,78
90,Raku,2017,4,197,117
91,Cuda,2017,4,196,88
92,1C Enterprise,2017,4,188,100
93,Batchfile,2017,4,184,70
94,UnrealScript,2017,4,176,81
95,F*,2017,4,175,96
96,Arduino,2017,4,164,79
97,API Blueprint,2017,4,156,109
98,ActionScript,2017,4,151,92
99,Objective-C++,2017,4,148,67
100,Tcl,2017,4,147,105
101,Racket,2017,4,144,85
102,Objective-J,2017,4,134,120
103,BitBake,2017,4,131,89
105,SaltStack,2017,4,125,114
105,AutoIt,2017,4,125,111
106,ASP,2017,4,123,107
108,Forth,2017,4,119,122
108,Verilog,2017,4,119,90
111,Ren'Py,2017,4,107,129
111,Coq,2017,4,107,129
111,Xtend,2017,4,107,98
112,Processing,2017,4,105,131
1,JavaScript,2018,1,243302,1
2,Python,2018,1,158455,2
3,Java,2018,1,131440,3
4,TypeScript,2018,1,85455,4
5,C++,2018,1,78216,5
6,PHP,2018,1,78024,6
7,Go,2018,1,70653,7
8,C#,2018,1,57600,8
9,C,2018,1,36018,9
10,Ruby,2018,1,34226,10
11,HTML,2018,1,23667,12
12,Shell,2018,1,22027,11
13,Swift,2018,1,15889,13
14,CSS,2018,1,13578,16
15,Kotlin,2018,1,11958,15
16,Objective-C,2018,1,11457,14
17,Scala,2018,1,10461,17
18,Vue,2018,1,7825,19
19,Rust,2018,1,7232,20
20,Dart,2018,1,6127,18
21,Lua,2018,1,5213,21
22,Jupyter Notebook,2018,1,4889,22
23,CoffeeScript,2018,1,3711,23
24,R,2018,1,3703,25
25,Dockerfile,2018,1,3641,32
26,Groovy,2018,1,3240,24
27,Perl,2018,1,3228,26
28,Emacs Lisp,2018,1,3036,29
29,Clojure,2018,1,3032,27
30,PowerShell,2018,1,3026,31
31,Haskell,2018,1,2948,30
32,Elixir,2018,1,2927,28
33,Vim script,2018,1,2356,34
34,DM,2018,1,2325,36
35,OCaml,2018,1,2213,33
36,Nix,2018,1,2040,35
37,Erlang,2018,1,1716,37
38,Vala,2018,1,1392,38
39,Makefile,2018,1,1260,39
40,F#,2018,1,1122,40
41,Pascal,2018,1,1022,45
42,PLpgSQL,2018,1,984,41
43,MATLAB,2018,1,983,43
44,TeX,2018,1,879,44
45,QML,2018,1,815,56
46,Julia,2018,1,808,42
47,D,2018,1,690,52
48,Elm,2018,1,671,54
49,Roff,2018,1,670,47
50,FreeMarker,2018,1,666,53
51,Smalltalk,2018,1,596,51
52,TSQL,2018,1,575,49
53,CMake,2018,1,572,55
54,Fortran,2018,1,515,48
55,Jsonnet,2018,1,474,46
56,Common Lisp,2018,1,468,63
57,Perl 6,2018,1,455,50
58,Visual Basic,2018,1,431,60
59,Crystal,2018,1,420,61
60,Assembly,2018,1,416,77
61,Raku,2018,1,393,57
62,ColdFusion,2018,1,386,62
63,Haxe,2018,1,382,58
64,GLSL,2018,1,368,75
65,Puppet,2018,1,366,78
66,Apex,2018,1,362,73
67,Matlab,2018,1,358,74
68,HCL,2018,1,355,68
69,SCSS,2018,1,353,67
70,SourcePawn,2018,1,334,71
71,XSLT,2018,1,328,66
72,RobotFramework,2018,1,325,79
73,PureScript,2018,1,318,76
74,Starlark,2018,1,314,59
75,Gherkin,2018,1,307,89
76,BitBake,2018,1,286,81
77,Standard ML,2018,1,283,88
78,PLSQL,2018,1,272,70
80,Jinja,2018,1,246,69
80,ABAP,2018,1,246,66
81,ActionScript,2018,1,242,95
82,AutoHotkey,2018,1,238,82
83,Nunjucks,2018,1,235,64
84,Scheme,2018,1,232,84
85,Uno,2018,1,208,98
86,SQF,2018,1,205,90
87,Batchfile,2018,1,190,85
88,Smarty,2018,1,188,92
89,Nim,2018,1,186,72
90,Objective-C++,2018,1,184,99
91,Cuda,2018,1,183,87
92,PostScript,2018,1,172,80
93,UnrealScript,2018,1,155,100
95,Awk,2018,1,148,101
95,API Blueprint,2018,1,148,86
96,GDScript,2018,1,139,102
98,Rich Text Format,2018,1,123,94
98,Tcl,2018,1,123,105
99,Visual Basic .NET,2018,1,120,83
100,Factor,2018,1,106,107
101,YAML,2018,1,105,108
103,Objective-J,2018,1,101,110
103,VBA,2018,1,101,110
104,Coq,2018,1,100,91
1,JavaScript,2018,2,179708,1
2,Python,2018,2,129638,2
3,Java,2018,2,120641,3
4,TypeScript,2018,2,72247,4
5,C++,2018,2,65900,5
6,PHP,2018,2,59258,6
7,Go,2018,2,57097,7
8,C#,2018,2,46690,8
9,C,2018,2,30556,9
10,Ruby,2018,2,26941,10
11,Shell,2018,2,17704,11
12,HTML,2018,2,17669,12
13,Swift,2018,2,12920,13
14,Objective-C,2018,2,10614,14
15,Kotlin,2018,2,9484,15
16,CSS,2018,2,8906,16
17,Dart,2018,2,7346,18
18,Scala,2018,2,7147,17
19,Vue,2018,2,6879,19
20,Rust,2018,2,5634,20
21,Lua,2018,2,4473,21
22,Jupyter Notebook,2018,2,4057,22
23,CoffeeScript,2018,2,3274,23
24,R,2018,2,2926,25
25,Groovy,2018,2,2888,24
26,Perl,2018,2,2814,26
27,Clojure,2018,2,2680,27
28,PowerShell,2018,2,2551,31
29,Haskell,2018,2,2394,30
30,Elixir,2018,2,2371,28
31,Emacs Lisp,2018,2,2235,29
32,OCaml,2018,2,2165,33
33,Nix,2018,2,2015,35
34,Vim script,2018,2,1877,34
35,Dockerfile,2018,2,1576,32
36,Erlang,2018,2,1476,37
37,DM,2018,2,1266,36
38,Makefile,2018,2,959,39
39,Vala,2018,2,907,38
40,F#,2018,2,830,40
41,PLpgSQL,2018,2,804,41
42,MATLAB,2018,2,750,43
43,TeX,2018,2,733,44
44,Pascal,2018,2,707,45
45,Perl 6,2018,2,692,50
46,Julia,2018,2,640,42
47,Jsonnet,2018,2,610,46
48,Roff,2018,2,576,47
49,Fortran,2018,2,510,48
50,TSQL,2018,2,480,49
51,D,2018,2,457,52
52,SCSS,2018,2,395,67
53,HCL,2018,2,387,68
54,FreeMarker,2018,2,379,53
55,Smalltalk,2018,2,373,51
56,Elm,2018,2,367,54
57,Crystal,2018,2,364,61
58,QML,2018,2,355,56
59,API Blueprint,2018,2,348,86
60,XSLT,2018,2,345,66
61,Raku,2018,2,344,57
62,Jinja,2018,2,317,69
63,PureScript,2018,2,315,76
64,Haxe,2018,2,312,58
66,Nunjucks,2018,2,309,64
66,PostScript,2018,2,309,80
67,CMake,2018,2,308,55
68,Starlark,2018,2,305,59
69,ABAP,2018,2,292,66
70,Nim,2018,2,271,72
71,PLSQL,2018,2,259,70
72,Matlab,2018,2,256,74
74,Common Lisp,2018,2,249,63
74,ColdFusion,2018,2,249,62
75,Apex,2018,2,244,73
77,AutoHotkey,2018,2,241,82
77,Visual Basic .NET,2018,2,241,83
78,GLSL,2018,2,239,75
79,Scheme,2018,2,238,84
80,Visual Basic,2018,2,222,60
81,SQF,2018,2,221,90
82,BitBake,2018,2,214,81
83,RobotFramework,2018,2,212,79
84,SourcePawn,2018,2,183,71
85,Assembly,2018,2,172,77
86,Standard ML,2018,2,162,88
87,Puppet,2018,2,150,78
88,Coq,2018,2,142,91
89,Smarty,2018,2,133,92
90,Gherkin,2018,2,121,89
91,Racket,2018,2,120,96
92,Cuda,2018,2,112,87
93,Meson,2018,2,108,106
1,JavaScript,2018,3,164650,1
2,Python,2018,3,122245,2
3,Java,2018,3,107205,3
4,C++,2018,3,70464,5
5,TypeScript,2018,3,70244,4
6,Go,2018,3,58367,7
7,PHP,2018,3,54535,6
8,C#,2018,3,42817,8
9,C,2018,3,29219,9
10,Ruby,2018,3,24473,10
11,Shell,2018,3,17374,11
12,HTML,2018,3,15587,12
13,Swift,2018,3,11499,13
14,Objective-C,2018,3,9369,14
15,Kotlin,2018,3,9052,15
16,CSS,2018,3,8037,16
17,Dart,2018,3,7443,18
18,Scala,2018,3,6641,17
19,Rust,2018,3,6175,20
20,Vue,2018,3,5717,19
21,Lua,2018,3,4608,21
22,Jupyter Notebook,2018,3,4004,22
23,CoffeeScript,2018,3,3085,23
24,Groovy,2018,3,2973,24
25,Perl,2018,3,2479,26
26,Clojure,2018,3,2427,27
27,R,2018,3,2412,25
28,Elixir,2018,3,2390,28
29,Emacs Lisp,2018,3,2277,29
30,Haskell,2018,3,2071,30
31,PowerShell,2018,3,2041,31
32,OCaml,2018,3,1809,33
33,Vim script,2018,3,1732,34
35,Dockerfile,2018,3,1363,32
35,Nix,2018,3,1363,35
36,Erlang,2018,3,1336,37
37,DM,2018,3,1188,36
38,Makefile,2018,3,974,39
39,Julia,2018,3,952,42
40,Vala,2018,3,909,38
41,PLpgSQL,2018,3,805,41
42,MATLAB,2018,3,736,43
43,F#,2018,3,674,40
44,Jsonnet,2018,3,649,46
45,TeX,2018,3,569,44
46,TSQL,2018,3,505,49
47,Roff,2018,3,498,47
48,Smalltalk,2018,3,466,51
49,Fortran,2018,3,443,48
50,Perl 6,2018,3,425,50
51,Raku,2018,3,423,57
52,Pascal,2018,3,422,45
53,D,2018,3,407,52
54,FreeMarker,2018,3,392,53
55,ABAP,2018,3,389,66
56,Elm,2018,3,383,54
57,Visual Basic,2018,3,353,60
58,Nunjucks,2018,3,348,64
59,Starlark,2018,3,342,59
60,CMake,2018,3,341,55
61,Haxe,2018,3,338,58
62,Common Lisp,2018,3,327,63
63,Nim,2018,3,305,72
65,Crystal,2018,3,302,61
65,ColdFusion,2018,3,302,62
66,PLSQL,2018,3,290,70
67,HCL,2018,3,272,68
68,XSLT,2018,3,265,66
69,SourcePawn,2018,3,248,71
70,SCSS,2018,3,247,67
71,Batchfile,2018,3,246,85
72,Puppet,2018,3,236,78
73,Visual Basic .NET,2018,3,226,83
74,PostScript,2018,3,220,80
75,Cuda,2018,3,205,87
78,PureScript,2018,3,199,76
78,QML,2018,3,199,56
78,Matlab,2018,3,199,74
79,Jinja,2018,3,195,69
80,BitBake,2018,3,192,81
81,RobotFramework,2018,3,190,79
82,Assembly,2018,3,171,77
83,AutoHotkey,2018,3,162,82
84,ASP,2018,3,157,93
85,Apex,2018,3,156,73
86,GLSL,2018,3,132,75
87,F*,2018,3,129,103
88,Scheme,2018,3,128,84
89,Twig,2018,3,123,105
90,Rich Text Format,2018,3,120,94
91,Racket,2018,3,117,96
93,API Blueprint,2018,3,109,86
93,1C Enterprise,2018,3,109,97
94,Gherkin,2018,3,107,89
1,JavaScript,2018,4,145448,1
2,Python,2018,4,109962,2
3,Java,2018,4,84452,3
4,TypeScript,2018,4,64603,4
5,Go,2018,4,53862,7
6,C++,2018,4,53595,5
7,PHP,2018,4,49835,6
8,C#,2018,4,41975,8
9,C,2018,4,26416,9
10,Ruby,2018,4,20729,10
11,Shell,2018,4,14868,11
12,HTML,2018,4,14819,12
13,Swift,2018,4,10555,13
14,Kotlin,2018,4,8676,15
15,Objective-C,2018,4,7738,14
16,Dart,2018,4,6971,18
17,CSS,2018,4,6970,16
18,Scala,2018,4,4973,17
19,Vue,2018,4,4835,19
20,Rust,2018,4,4335,20
21,Jupyter Notebook,2018,4,3767,22
22,Lua,2018,4,3494,21
23,Perl,2018,4,2512,26
24,Groovy,2018,4,2506,24
25,Clojure,2018,4,2374,27
26,R,2018,4,2221,25
27,Emacs Lisp,2018,4,2165,29
28,Elixir,2018,4,2153,28
29,Haskell,2018,4,2133,30
30,CoffeeScript,2018,4,2042,23
31,PowerShell,2018,4,1924,31
32,Nix,2018,4,1588,35
33,OCaml,2018,4,1463,33
34,Vim script,2018,4,1434,34
35,Dockerfile,2018,4,1204,32
36,Erlang,2018,4,1140,37
37,Vala,2018,4,1080,38
38,DM,2018,4,1067,36
39,Makefile,2018,4,877,39
40,Julia,2018,4,766,42
41,F#,2018,4,752,40
42,PLpgSQL,2018,4,698,41
43,Jsonnet,2018,4,581,46
44,MATLAB,2018,4,566,43
45,TeX,2018,4,521,44
46,Fortran,2018,4,493,48
47,Starlark,2018,4,426,59
48,Smalltalk,2018,4,414,51
49,TSQL,2018,4,391,49
50,Pascal,2018,4,383,45
51,CMake,2018,4,364,55
52,Haxe,2018,4,362,58
53,ColdFusion,2018,4,338,62
55,Perl 6,2018,4,337,50
55,Nunjucks,2018,4,337,64
56,Jinja,2018,4,331,69
57,Roff,2018,4,313,47
58,Raku,2018,4,303,57
59,Visual Basic,2018,4,289,60
60,ABAP,2018,4,260,66
61,XSLT,2018,4,249,66
62,SourcePawn,2018,4,246,71
63,Nim,2018,4,237,72
64,GLSL,2018,4,234,75
66,FreeMarker,2018,4,231,53
66,Elm,2018,4,231,54
67,D,2018,4,230,52
68,Apex,2018,4,216,73
69,Coq,2018,4,208,91
70,PLSQL,2018,4,201,70
71,Batchfile,2018,4,198,85
72,Common Lisp,2018,4,196,63
73,Crystal,2018,4,195,61
74,QML,2018,4,193,56
75,SCSS,2018,4,171,67
76,AutoHotkey,2018,4,170,82
77,Matlab,2018,4,163,74
78,HCL,2018,4,146,68
79,Visual Basic .NET,2018,4,141,83
81,Assembly,2018,4,136,77
81,PureScript,2018,4,136,76
82,PostScript,2018,4,130,80
83,BitBake,2018,4,128,81
84,Scheme,2018,4,123,84
85,Puppet,2018,4,122,78
86,Standard ML,2018,4,120,88
87,RobotFramework,2018,4,116,79
88,ASP,2018,4,114,93
89,SQF,2018,4,108,90
90,Cuda,2018,4,102,87
91,1C Enterprise,2018,4,100,97
1,JavaScript,2019,1,149656,1
2,Python,2019,1,127508,2
3,Java,2019,1,87987,3
4,TypeScript,2019,1,66750,4
5,Go,2019,1,61657,5
6,C++,2019,1,58115,6
7,PHP,2019,1,54344,7
8,C#,2019,1,45382,8
9,C,2019,1,30089,9
10,Ruby,2019,1,23416,10
11,Shell,2019,1,15932,11
12,HTML,2019,1,14470,12
13,Kotlin,2019,1,9572,15
14,Dart,2019,1,9203,13
15,Swift,2019,1,8877,14
16,Objective-C,2019,1,7670,16
17,CSS,2019,1,7448,17
18,Scala,2019,1,5446,18
19,Vue,2019,1,4965,20
20,Rust,2019,1,4876,19
21,Jupyter Notebook,2019,1,4499,21
22,Lua,2019,1,3875,22
23,R,2019,1,2748,25
24,Groovy,2019,1,2724,24
25,Perl,2019,1,2661,23
26,Elixir,2019,1,2444,27
27,Emacs Lisp,2019,1,2324,26
28,Clojure,2019,1,2035,32
29,Haskell,2019,1,2012,28
30,PowerShell,2019,1,1936,30
31,OCaml,2019,1,1892,31
32,Nix,2019,1,1793,29
33,CoffeeScript,2019,1,1698,33
34,Vim script,2019,1,1505,34
35,Dockerfile,2019,1,1293,36
36,Julia,2019,1,1033,39
37,Makefile,2019,1,844,40
38,Erlang,2019,1,797,38
39,MATLAB,2019,1,782,44
41,Jsonnet,2019,1,773,37
41,Vala,2019,1,773,42
42,DM,2019,1,762,35
43,F#,2019,1,719,41
44,Smalltalk,2019,1,653,45
45,PLpgSQL,2019,1,623,46
46,TeX,2019,1,551,47
47,Pascal,2019,1,494,52
48,Starlark,2019,1,478,43
49,Roff,2019,1,447,57
50,Nunjucks,2019,1,431,49
51,TSQL,2019,1,429,53
52,Jinja,2019,1,418,48
53,Fortran,2019,1,415,51
54,Haxe,2019,1,382,56
55,ColdFusion,2019,1,381,55
56,RobotFramework,2019,1,376,62
57,FreeMarker,2019,1,353,92
58,Perl 6,2019,1,349,59
59,ABAP,2019,1,340,63
60,CMake,2019,1,334,54
61,SourcePawn,2019,1,322,66
62,SCSS,2019,1,314,58
63,Coq,2019,1,312,86
64,Visual Basic,2019,1,302,75
65,PLSQL,2019,1,300,60
66,Raku,2019,1,283,61
67,XSLT,2019,1,276,65
68,AutoHotkey,2019,1,260,74
69,QML,2019,1,259,71
70,Common Lisp,2019,1,252,64
71,Assembly,2019,1,249,69
72,HCL,2019,1,235,50
73,D,2019,1,225,68
74,GLSL,2019,1,219,67
76,Visual Basic .NET,2019,1,198,76
76,Apex,2019,1,198,72
77,Nim,2019,1,190,70
79,PostScript,2019,1,169,78
79,ASP,2019,1,169,95
80,Cuda,2019,1,168,77
81,Elm,2019,1,164,79
82,Crystal,2019,1,160,80
83,Scheme,2019,1,151,81
85,Puppet,2019,1,148,90
85,BitBake,2019,1,148,87
86,SWIG,2019,1,129,93
87,Batchfile,2019,1,120,85
88,Standard ML,2019,1,115,88
90,Gherkin,2019,1,112,99
90,Rich Text Format,2019,1,112,82
91,PureScript,2019,1,111,89
92,UnrealScript,2019,1,106,94
1,JavaScript,2019,2,142693,1
2,Python,2019,2,116635,2
3,Java,2019,2,88263,3
4,TypeScript,2019,2,62411,4
5,Go,2019,2,61182,5
6,C++,2019,2,57253,6
7,PHP,2019,2,50655,7
8,C#,2019,2,43028,8
9,C,2019,2,27639,9
10,Ruby,2019,2,19395,10
11,Shell,2019,2,15360,11
12,HTML,2019,2,12942,12
13,Dart,2019,2,10153,13
14,Swift,2019,2,10030,14
15,Kotlin,2019,2,8676,15
16,Objective-C,2019,2,7975,16
17,CSS,2019,2,6106,17
18,Scala,2019,2,5782,18
19,Vue,2019,2,5424,20
20,Rust,2019,2,5240,19
21,Jupyter Notebook,2019,2,4606,21
22,Lua,2019,2,3719,22
23,Perl,2019,2,3015,23
24,Groovy,2019,2,2558,24
25,Elixir,2019,2,2501,27
26,R,2019,2,2429,25
27,Emacs Lisp,2019,2,2091,26
28,Haskell,2019,2,1881,28
29,PowerShell,2019,2,1818,30
30,OCaml,2019,2,1779,31
31,Vim script,2019,2,1595,34
32,Nix,2019,2,1505,29
33,CoffeeScript,2019,2,1483,33
34,Clojure,2019,2,1444,32
35,DM,2019,2,1175,35
36,Jsonnet,2019,2,1151,37
37,Dockerfile,2019,2,1142,36
38,Erlang,2019,2,932,38
39,F#,2019,2,828,41
40,Makefile,2019,2,805,40
41,Jinja,2019,2,753,48
42,Vala,2019,2,680,42
43,Smalltalk,2019,2,646,45
44,MATLAB,2019,2,639,44
45,PLpgSQL,2019,2,618,46
46,Julia,2019,2,608,39
47,TeX,2019,2,530,47
48,Starlark,2019,2,494,43
49,TSQL,2019,2,454,53
50,Fortran,2019,2,424,51
51,Perl 6,2019,2,374,59
52,Pascal,2019,2,371,52
53,CMake,2019,2,365,54
54,Haxe,2019,2,338,56
55,RobotFramework,2019,2,325,62
56,PLSQL,2019,2,315,60
57,SCSS,2019,2,311,58
58,HCL,2019,2,309,50
59,ColdFusion,2019,2,284,55
60,Nunjucks,2019,2,277,49
61,Raku,2019,2,272,61
62,Rich Text Format,2019,2,241,82
63,Common Lisp,2019,2,233,64
64,GLSL,2019,2,229,67
65,SourcePawn,2019,2,213,66
66,ABAP,2019,2,207,63
68,Roff,2019,2,203,57
68,Assembly,2019,2,203,69
69,Elm,2019,2,191,79
70,PostScript,2019,2,185,78
71,YAML,2019,2,178,83
72,D,2019,2,176,68
73,XSLT,2019,2,170,65
75,Coq,2019,2,163,86
75,Apex,2019,2,163,72
76,Cuda,2019,2,159,77
77,Nim,2019,2,157,70
78,Visual Basic .NET,2019,2,151,76
79,Matlab,2019,2,146,96
80,Crystal,2019,2,142,80
81,QML,2019,2,140,71
82,PureScript,2019,2,139,89
83,Scheme,2019,2,137,81
84,Puppet,2019,2,134,90
85,Standard ML,2019,2,129,88
87,xBase,2019,2,128,84
87,AutoHotkey,2019,2,128,74
89,Visual Basic,2019,2,121,75
89,Tcl,2019,2,121,97
90,Batchfile,2019,2,118,85
91,Smarty,2019,2,115,98
92,SaltStack,2019,2,104,100
93,UnrealScript,2019,2,100,94
1,JavaScript,2019,3,126962,1
2,Python,2019,3,108596,2
3,Java,2019,3,84650,3
4,TypeScript,2019,3,63144,4
5,Go,2019,3,62669,5
6,C++,2019,3,58385,6
7,PHP,2019,3,44764,7
8,C#,2019,3,41312,8
9,C,2019,3,27777,9
10,Ruby,2019,3,18069,10
11,HTML,2019,3,14474,12
12,Shell,2019,3,12842,11
13,Dart,2019,3,11877,13
14,Swift,2019,3,8128,14
15,Kotlin,2019,3,8067,15
16,Objective-C,2019,3,7793,16
17,CSS,2019,3,5656,17
18,Scala,2019,3,5404,18
19,Rust,2019,3,4745,19
20,Vue,2019,3,4735,20
21,Lua,2019,3,3840,22
22,Jupyter Notebook,2019,3,3578,21
23,Perl,2019,3,2520,23
24,Groovy,2019,3,2499,24
25,R,2019,3,2291,25
26,Emacs Lisp,2019,3,2093,26
27,DM,2019,3,1703,35
28,Haskell,2019,3,1698,28
29,Nix,2019,3,1626,29
30,OCaml,2019,3,1597,31
31,PowerShell,2019,3,1537,30
32,Elixir,2019,3,1439,27
33,CoffeeScript,2019,3,1352,33
34,Clojure,2019,3,1344,32
35,Vim script,2019,3,1188,34
36,Dockerfile,2019,3,1159,36
37,Jsonnet,2019,3,1011,37
39,Erlang,2019,3,986,38
39,Julia,2019,3,986,39
40,Makefile,2019,3,788,40
41,Starlark,2019,3,724,43
42,Smalltalk,2019,3,689,45
43,Vala,2019,3,658,42
44,F#,2019,3,626,41
45,MATLAB,2019,3,547,44
46,TeX,2019,3,484,47
47,PLpgSQL,2019,3,471,46
48,Nunjucks,2019,3,461,49
49,HCL,2019,3,428,50
50,Fortran,2019,3,427,51
51,Jinja,2019,3,402,48
52,TSQL,2019,3,374,53
54,Roff,2019,3,365,57
54,ActionScript,2019,3,365,91
55,CMake,2019,3,364,54
56,ColdFusion,2019,3,330,55
57,Pascal,2019,3,312,52
58,RobotFramework,2019,3,288,62
59,Perl 6,2019,3,271,59
61,SystemVerilog,2019,3,268,73
61,Haxe,2019,3,268,56
62,PostScript,2019,3,234,78
63,xBase,2019,3,231,84
64,PLSQL,2019,3,206,60
65,SCSS,2019,3,205,58
66,Rich Text Format,2019,3,204,82
67,Common Lisp,2019,3,201,64
68,XSLT,2019,3,200,65
69,Raku,2019,3,199,61
70,Nim,2019,3,188,70
71,ABAP,2019,3,187,63
72,GLSL,2019,3,186,67
73,Cuda,2019,3,178,77
74,QML,2019,3,176,71
76,Visual Basic .NET,2019,3,167,76
76,D,2019,3,167,68
77,Assembly,2019,3,160,69
78,Scheme,2019,3,156,81
79,Apex,2019,3,153,72
80,PureScript,2019,3,145,89
81,BitBake,2019,3,133,87
83,YAML,2019,3,123,83
83,Batchfile,2019,3,123,85
84,SourcePawn,2019,3,119,66
85,Elm,2019,3,118,79
86,Crystal,2019,3,113,80
87,Visual Basic,2019,3,108,75
88,AutoHotkey,2019,3,104,74
89,Puppet,2019,3,100,90
1,JavaScript,2019,4,116636,1
2,Python,2019,4,107953,2
3,Java,2019,4,80650,3
4,TypeScript,2019,4,63034,4
5,Go,2019,4,58892,5
6,C++,2019,4,56278,6
7,PHP,2019,4,44983,7
8,C#,2019,4,42645,8
9,C,2019,4,27855,9
10,Ruby,2019,4,17556,10
11,Dart,2019,4,16437,13
12,Shell,2019,4,12789,11
13,HTML,2019,4,11182,12
14,Swift,2019,4,7907,14
15,Kotlin,2019,4,7486,15
16,Objective-C,2019,4,7088,16
17,Rust,2019,4,5406,19
18,Scala,2019,4,4721,18
19,CSS,2019,4,4491,17
20,Jupyter Notebook,2019,4,4056,21
21,Vue,2019,4,3539,20
22,Lua,2019,4,3012,22
23,Perl,2019,4,2654,23
24,Emacs Lisp,2019,4,2361,26
25,Groovy,2019,4,2288,24
26,Nix,2019,4,1980,29
27,R,2019,4,1952,25
28,Haskell,2019,4,1604,28
29,DM,2019,4,1542,35
30,PowerShell,2019,4,1497,30
31,OCaml,2019,4,1412,31
32,Clojure,2019,4,1399,32
33,Dockerfile,2019,4,1277,36
34,Vim script,2019,4,1187,34
35,Elixir,2019,4,1106,27
36,CoffeeScript,2019,4,1089,33
37,Starlark,2019,4,920,43
38,Julia,2019,4,855,39
39,Makefile,2019,4,850,40
40,Erlang,2019,4,778,38
41,HCL,2019,4,733,50
42,Jsonnet,2019,4,718,37
43,F#,2019,4,596,41
44,Vala,2019,4,591,42
45,Nunjucks,2019,4,573,49
46,PLpgSQL,2019,4,530,46
47,MATLAB,2019,4,479,44
48,Smalltalk,2019,4,450,45
49,SystemVerilog,2019,4,422,73
50,Pascal,2019,4,376,52
51,TeX,2019,4,370,47
52,Jinja,2019,4,350,48
53,CMake,2019,4,324,54
54,ColdFusion,2019,4,320,55
55,Fortran,2019,4,309,51
56,TSQL,2019,4,280,53
57,Haxe,2019,4,276,56
58,XSLT,2019,4,242,65
59,Raku,2019,4,237,61
60,YAML,2019,4,235,83
62,Common Lisp,2019,4,228,64
62,ABAP,2019,4,228,63
63,SCSS,2019,4,224,58
64,Standard ML,2019,4,202,88
65,Nim,2019,4,198,70
67,Apex,2019,4,194,72
67,AutoHotkey,2019,4,194,74
68,D,2019,4,193,68
69,PLSQL,2019,4,172,60
71,BitBake,2019,4,171,87
71,xBase,2019,4,171,84
72,QML,2019,4,153,71
74,SourcePawn,2019,4,152,66
74,SWIG,2019,4,152,93
75,Crystal,2019,4,150,80
76,GLSL,2019,4,148,67
77,Assembly,2019,4,144,69
78,Visual Basic,2019,4,140,75
79,Roff,2019,4,139,57
80,Batchfile,2019,4,137,85
81,Visual Basic .NET,2019,4,130,76
82,Scheme,2019,4,116,81
83,Elm,2019,4,114,79
84,Cuda,2019,4,110,77
1,JavaScript,2020,1,113844,2
2,Python,2020,1,113350,1
3,Java,2020,1,79307,3
4,TypeScript,2020,1,63649,4
5,Go,2020,1,60657,5
6,C++,2020,1,57767,6
7,PHP,2020,1,46647,7
8,C#,2020,1,38893,8
9,C,2020,1,28949,9
10,Ruby,2020,1,17439,10
11,Dart,2020,1,15115,11
12,Shell,2020,1,12559,12
13,HTML,2020,1,11894,13
14,Kotlin,2020,1,8540,14
15,Swift,2020,1,7145,15
16,Objective-C,2020,1,5685,16
17,CSS,2020,1,5382,18
18,Rust,2020,1,5058,17
19,Scala,2020,1,4902,19
20,Jupyter Notebook,2020,1,4341,20
21,Lua,2020,1,4000,21
22,Perl,2020,1,2748,26
23,Vue,2020,1,2739,23
24,Emacs Lisp,2020,1,2686,24
25,Groovy,2020,1,2394,25
26,R,2020,1,2017,28
27,Nix,2020,1,1898,27
28,Elixir,2020,1,1649,30
29,Haskell,2020,1,1588,29
30,Dockerfile,2020,1,1536,37
31,Clojure,2020,1,1480,31
32,DM,2020,1,1346,35
33,OCaml,2020,1,1322,32
34,PowerShell,2020,1,1311,33
35,Vim script,2020,1,1256,34
36,CoffeeScript,2020,1,1132,36
37,Makefile,2020,1,1074,38
38,Vala,2020,1,761,41
39,Smalltalk,2020,1,673,39
40,Julia,2020,1,667,45
41,Erlang,2020,1,657,40
42,Jsonnet,2020,1,627,50
43,Nunjucks,2020,1,613,42
44,TSQL,2020,1,542,56
45,HCL,2020,1,539,49
46,Starlark,2020,1,526,43
47,F#,2020,1,516,48
48,MATLAB,2020,1,501,46
50,PLpgSQL,2020,1,483,51
50,SystemVerilog,2020,1,483,44
51,Jinja,2020,1,440,22
52,TeX,2020,1,415,54
53,SCSS,2020,1,402,47
54,Fortran,2020,1,390,53
55,ColdFusion,2020,1,359,52
56,Pascal,2020,1,337,55
57,CMake,2020,1,308,58
58,Raku,2020,1,264,60
60,Haxe,2020,1,256,57
60,Standard ML,2020,1,256,61
61,Nim,2020,1,208,62
62,PLSQL,2020,1,206,81
63,XSLT,2020,1,194,66
64,SourcePawn,2020,1,193,64
65,Assembly,2020,1,188,59
66,QML,2020,1,187,68
67,Common Lisp,2020,1,184,63
68,YAML,2020,1,176,66
69,AutoHotkey,2020,1,173,72
70,RobotFramework,2020,1,172,90
71,GLSL,2020,1,167,73
72,SWIG,2020,1,164,78
73,Crystal,2020,1,149,82
74,Visual Basic .NET,2020,1,146,71
76,Roff,2020,1,139,67
76,F*,2020,1,139,88
77,D,2020,1,135,70
78,xBase,2020,1,127,79
79,ABAP,2020,1,126,74
80,Elm,2020,1,125,76
81,Reason,2020,1,124,85
82,BitBake,2020,1,121,83
83,Scheme,2020,1,117,80
84,Puppet,2020,1,110,86
85,UnrealScript,2020,1,102,95
1,Python,2020,2,130779,1
2,JavaScript,2020,2,130010,2
3,Java,2020,2,95035,3
4,TypeScript,2020,2,71488,4
5,Go,2020,2,68285,5
6,C++,2020,2,67079,6
7,PHP,2020,2,51279,7
8,C,2020,2,41914,9
9,C#,2020,2,41858,8
10,Ruby,2020,2,17843,10
11,Dart,2020,2,17099,11
12,Shell,2020,2,14937,12
13,HTML,2020,2,12128,13
14,Kotlin,2020,2,11188,14
15,Swift,2020,2,7915,15
16,Objective-C,2020,2,6518,16
17,Rust,2020,2,5857,17
18,CSS,2020,2,5398,18
19,Jupyter Notebook,2020,2,5316,20
20,Scala,2020,2,5204,19
21,Lua,2020,2,4129,21
22,Vue,2020,2,3431,23
23,Groovy,2020,2,3037,25
24,Emacs Lisp,2020,2,2941,24
25,Perl,2020,2,2907,26
26,Nix,2020,2,2795,27
27,R,2020,2,2777,28
28,Elixir,2020,2,2017,30
29,Haskell,2020,2,1889,29
30,Vim script,2020,2,1519,34
31,Clojure,2020,2,1516,31
32,OCaml,2020,2,1492,32
33,PowerShell,2020,2,1453,33
34,CoffeeScript,2020,2,1315,36
35,Dockerfile,2020,2,1168,37
36,Smalltalk,2020,2,1110,39
37,Makefile,2020,2,1054,38
38,DM,2020,2,1043,35
39,Vala,2020,2,867,41
40,Erlang,2020,2,746,40
41,Nunjucks,2020,2,682,42
42,Julia,2020,2,678,45
43,F#,2020,2,624,48
44,Jsonnet,2020,2,620,50
45,SCSS,2020,2,616,47
46,Starlark,2020,2,612,43
47,Fortran,2020,2,605,53
48,MATLAB,2020,2,577,46
49,HCL,2020,2,560,49
50,SystemVerilog,2020,2,550,44
51,ColdFusion,2020,2,533,52
52,TeX,2020,2,481,54
53,Pawn,2020,2,460,69
54,Jinja,2020,2,453,22
55,PLpgSQL,2020,2,418,51
56,Pascal,2020,2,400,55
57,Haxe,2020,2,383,57
58,TSQL,2020,2,314,56
59,Roff,2020,2,288,67
60,SourcePawn,2020,2,276,64
61,Scheme,2020,2,272,80
62,YAML,2020,2,267,66
63,Common Lisp,2020,2,265,63
64,CMake,2020,2,259,58
65,Raku,2020,2,257,60
66,Nim,2020,2,245,62
67,Assembly,2020,2,239,59
68,Standard ML,2020,2,226,61
69,Elm,2020,2,213,76
71,XSLT,2020,2,211,66
71,GLSL,2020,2,211,73
72,BitBake,2020,2,209,83
73,ABAP,2020,2,208,74
74,Crystal,2020,2,207,82
75,CodeQL,2020,2,197,75
76,QML,2020,2,193,68
77,Reason,2020,2,182,85
78,D,2020,2,180,70
79,Visual Basic .NET,2020,2,165,71
80,xBase,2020,2,152,79
81,Apex,2020,2,146,91
82,SWIG,2020,2,144,78
83,Cuda,2020,2,136,84
84,PLSQL,2020,2,135,81
86,Batchfile,2020,2,120,93
86,AutoHotkey,2020,2,120,72
87,Verilog,2020,2,107,77
88,F*,2020,2,106,88
89,Tcl,2020,2,101,97
1,Python,2020,3,111855,1
2,JavaScript,2020,3,99493,2
3,Java,2020,3,81529,3
4,Go,2020,3,63712,5
5,TypeScript,2020,3,59676,4
6,C++,2020,3,56178,6
7,PHP,2020,3,40211,7
8,C#,2020,3,35531,8
9,C,2020,3,27170,9
10,Dart,2020,3,15461,11
11,Ruby,2020,3,15347,10
12,Shell,2020,3,11796,12
13,HTML,2020,3,9556,13
14,Kotlin,2020,3,8041,14
15,Swift,2020,3,6257,15
16,Objective-C,2020,3,5158,16
17,Rust,2020,3,4725,17
18,Scala,2020,3,4266,19
19,CSS,2020,3,4083,18
20,Jupyter Notebook,2020,3,4052,20
21,Lua,2020,3,3637,21
22,Groovy,2020,3,2737,25
23,Vue,2020,3,2661,23
24,Emacs Lisp,2020,3,2238,24
25,Perl,2020,3,2179,26
26,R,2020,3,2129,28
27,Nix,2020,3,1940,27
28,Clojure,2020,3,1534,31
29,Haskell,2020,3,1384,29
30,DM,2020,3,1253,35
31,OCaml,2020,3,1177,32
32,Vim script,2020,3,1175,34
33,PowerShell,2020,3,1152,33
34,Makefile,2020,3,1086,38
35,Dockerfile,2020,3,996,37
36,CoffeeScript,2020,3,969,36
37,Smalltalk,2020,3,857,39
38,Elixir,2020,3,744,30
39,Erlang,2020,3,728,40
40,Starlark,2020,3,659,43
41,SystemVerilog,2020,3,648,44
42,ColdFusion,2020,3,615,52
43,SCSS,2020,3,584,47
44,MATLAB,2020,3,561,46
45,HCL,2020,3,560,49
46,PLpgSQL,2020,3,508,51
48,Nunjucks,2020,3,506,42
48,Vala,2020,3,506,41
50,Jsonnet,2020,3,435,50
50,Fortran,2020,3,435,53
51,Julia,2020,3,410,45
52,Jinja,2020,3,400,22
53,TeX,2020,3,387,54
54,Pascal,2020,3,376,55
55,F#,2020,3,314,48
56,ABAP,2020,3,300,74
57,Roff,2020,3,289,67
58,Verilog,2020,3,254,77
59,Haxe,2020,3,250,57
60,Assembly,2020,3,228,59
61,CMake,2020,3,214,58
62,CodeQL,2020,3,190,75
63,Standard ML,2020,3,189,61
65,TSQL,2020,3,182,56
65,Visual Basic .NET,2020,3,182,71
66,AutoHotkey,2020,3,179,72
67,Common Lisp,2020,3,176,63
68,Puppet,2020,3,175,86
69,YAML,2020,3,173,66
70,xBase,2020,3,160,79
71,XSLT,2020,3,158,66
72,Raku,2020,3,157,60
73,Nim,2020,3,152,62
75,PLSQL,2020,3,145,81
75,Rich Text Format,2020,3,145,87
76,GLSL,2020,3,142,73
78,D,2020,3,136,70
78,QML,2020,3,136,68
79,BitBake,2020,3,133,83
80,SourcePawn,2020,3,128,64
81,Crystal,2020,3,116,82
82,Elm,2020,3,115,76
83,Scheme,2020,3,108,80
84,Pawn,2020,3,103,69
85,Cuda,2020,3,102,84
86,SWIG,2020,3,100,78
1,Python,2020,4,101529,1
2,JavaScript,2020,4,94999,2
3,Java,2020,4,71591,3
4,TypeScript,2020,4,59135,4
5,Go,2020,4,54036,5
6,C++,2020,4,53876,6
7,PHP,2020,4,41255,7
8,C#,2020,4,35668,8
9,C,2020,4,26721,9
10,Ruby,2020,4,15203,10
11,Dart,2020,4,13641,11
12,Shell,2020,4,11826,12
13,Jinja,2020,4,10757,22
14,HTML,2020,4,9764,13
15,Kotlin,2020,4,7717,14
16,Swift,2020,4,5523,15
17,Objective-C,2020,4,4829,16
18,Rust,2020,4,4512,17
19,Scala,2020,4,4334,19
20,Lua,2020,4,3879,21
21,CSS,2020,4,3859,18
22,Jupyter Notebook,2020,4,3359,20
23,Nix,2020,4,2684,27
24,Emacs Lisp,2020,4,2662,24
25,Vue,2020,4,2580,23
26,Perl,2020,4,2286,26
27,Groovy,2020,4,2125,25
28,R,2020,4,1639,28
29,Haskell,2020,4,1482,29
30,CoffeeScript,2020,4,1319,36
31,Elixir,2020,4,1302,30
32,DM,2020,4,1288,35
33,OCaml,2020,4,1214,32
34,PowerShell,2020,4,1107,33
35,Vim script,2020,4,1044,34
36,Clojure,2020,4,1001,31
37,Dockerfile,2020,4,993,37
38,Makefile,2020,4,962,38
39,Nunjucks,2020,4,794,42
40,Smalltalk,2020,4,790,39
41,Starlark,2020,4,781,43
42,Erlang,2020,4,749,40
43,F#,2020,4,718,48
44,SCSS,2020,4,636,47
45,SystemVerilog,2020,4,635,44
46,Vala,2020,4,624,41
47,MATLAB,2020,4,611,46
48,PLpgSQL,2020,4,574,51
49,Julia,2020,4,533,45
50,HCL,2020,4,498,49
51,ColdFusion,2020,4,392,52
52,Pascal,2020,4,391,55
53,TeX,2020,4,373,54
54,Fortran,2020,4,360,53
55,Jsonnet,2020,4,354,50
56,TSQL,2020,4,317,56
57,Assembly,2020,4,253,59
58,D,2020,4,234,70
59,Raku,2020,4,226,60
60,Nim,2020,4,220,62
61,Standard ML,2020,4,204,61
62,Verilog,2020,4,194,77
63,QML,2020,4,186,68
64,CodeQL,2020,4,181,75
66,Common Lisp,2020,4,178,63
66,AutoHotkey,2020,4,178,72
67,Visual Basic .NET,2020,4,177,71
69,PureScript,2020,4,172,90
69,XSLT,2020,4,172,66
70,CMake,2020,4,168,58
71,Cuda,2020,4,166,84
72,SourcePawn,2020,4,145,64
73,SWIG,2020,4,144,78
74,Haxe,2020,4,140,57
75,Pawn,2020,4,136,69
77,Rich Text Format,2020,4,121,87
77,Forth,2020,4,121,92
79,GLSL,2020,4,119,73
79,YAML,2020,4,119,66
80,Elm,2020,4,109,76
81,Smarty,2020,4,107,94
82,xBase,2020,4,104,79
83,Gherkin,2020,4,101,97
1,Python,2021,1,99287,1
2,JavaScript,2021,1,86877,2
3,Java,2021,1,68137,3
4,TypeScript,2021,1,54880,4
5,Go,2021,1,50603,5
6,C++,2021,1,50471,6
7,PHP,2021,1,37100,7
8,C#,2021,1,32956,8
9,C,2021,1,28092,9
10,Ruby,2021,1,16102,10
11,Dart,2021,1,13973,11
12,Shell,2021,1,11162,12
13,HTML,2021,1,8571,13
14,Kotlin,2021,1,5633,14
15,Swift,2021,1,4723,15
16,Rust,2021,1,4182,16
17,Scala,2021,1,3850,17
18,Objective-C,2021,1,3687,18
19,CSS,2021,1,3516,20
20,Jupyter Notebook,2021,1,3465,19
21,Lua,2021,1,2892,21
22,Emacs Lisp,2021,1,2207,25
23,Nix,2021,1,2142,22
24,Perl,2021,1,2121,24
25,Groovy,2021,1,1989,23
26,Vue,2021,1,1918,27
27,R,2021,1,1616,26
28,Haskell,2021,1,1349,28
29,DM,2021,1,1143,29
30,PowerShell,2021,1,1076,34
31,OCaml,2021,1,924,30
32,Vim script,2021,1,872,31
33,Clojure,2021,1,864,33
34,CoffeeScript,2021,1,856,39
35,Dockerfile,2021,1,841,32
36,Erlang,2021,1,839,36
37,Makefile,2021,1,783,37
38,Elixir,2021,1,773,35
39,Nunjucks,2021,1,752,41
40,Starlark,2021,1,738,40
41,SystemVerilog,2021,1,690,38
42,PLpgSQL,2021,1,678,46
43,ColdFusion,2021,1,618,43
44,F#,2021,1,570,49
45,HCL,2021,1,552,47
46,SCSS,2021,1,533,44
47,MATLAB,2021,1,509,48
48,Smalltalk,2021,1,505,42
49,Vala,2021,1,473,45
50,TeX,2021,1,432,51
51,Jsonnet,2021,1,418,55
52,Jinja,2021,1,398,53
53,Pascal,2021,1,374,50
54,Julia,2021,1,363,52
55,TSQL,2021,1,350,57
56,Fortran,2021,1,339,54
57,Nim,2021,1,308,60
58,Roff,2021,1,278,65
59,CodeQL,2021,1,255,59
60,Assembly,2021,1,250,56
61,Coq,2021,1,221,72
62,Visual Basic .NET,2021,1,208,58
63,CMake,2021,1,186,68
64,Verilog,2021,1,183,61
65,Common Lisp,2021,1,181,62
66,SourcePawn,2021,1,172,73
67,XSLT,2021,1,165,66
68,Standard ML,2021,1,153,67
69,Haxe,2021,1,149,70
70,AutoHotkey,2021,1,147,78
71,YAML,2021,1,131,69
72,D,2021,1,129,76
73,UnrealScript,2021,1,120,79
74,QML,2021,1,118,64
75,Raku,2021,1,115,71
76,Crystal,2021,1,113,80
78,SWIG,2021,1,103,77
78,Scheme,2021,1,103,81
79,GLSL,2021,1,101,82
1,Python,2021,2,85788,1
2,JavaScript,2021,2,73535,2
3,Java,2021,2,63982,3
4,TypeScript,2021,2,52747,4
5,Go,2021,2,44847,5
6,C++,2021,2,44739,6
7,PHP,2021,2,29955,7
8,C#,2021,2,26032,8
9,C,2021,2,23645,9
10,Ruby,2021,2,13470,10
11,Dart,2021,2,13126,11
12,Shell,2021,2,9207,12
13,HTML,2021,2,7067,13
14,Kotlin,2021,2,5046,14
15,Scala,2021,2,4143,17
16,Swift,2021,2,3938,15
17,Rust,2021,2,3688,16
18,Objective-C,2021,2,3133,18
19,Jupyter Notebook,2021,2,2940,19
20,CSS,2021,2,2613,20
21,Lua,2021,2,2591,21
22,Nix,2021,2,2066,22
23,Perl,2021,2,1839,24
24,Groovy,2021,2,1819,23
25,R,2021,2,1681,26
26,Emacs Lisp,2021,2,1627,25
27,Vue,2021,2,1325,27
28,OCaml,2021,2,1237,30
29,Haskell,2021,2,1185,28
30,Vim script,2021,2,964,31
31,DM,2021,2,887,29
32,Clojure,2021,2,847,33
33,PowerShell,2021,2,845,34
34,Erlang,2021,2,744,36
35,Starlark,2021,2,725,40
36,Dockerfile,2021,2,721,32
37,Makefile,2021,2,689,37
38,CoffeeScript,2021,2,668,39
39,Elixir,2021,2,667,35
40,SystemVerilog,2021,2,664,38
41,MATLAB,2021,2,571,48
42,HCL,2021,2,543,47
43,Smalltalk,2021,2,511,42
44,Nunjucks,2021,2,503,41
45,Vala,2021,2,489,45
46,SCSS,2021,2,462,44
47,Julia,2021,2,442,52
48,ColdFusion,2021,2,401,43
49,PLpgSQL,2021,2,390,46
50,Fortran,2021,2,361,54
51,Pascal,2021,2,348,50
52,TeX,2021,2,344,51
54,Jinja,2021,2,331,53
54,Jsonnet,2021,2,331,55
55,F#,2021,2,329,49
56,Assembly,2021,2,238,56
57,Nim,2021,2,233,60
58,xBase,2021,2,227,63
59,Visual Basic .NET,2021,2,211,58
60,TSQL,2021,2,210,57
61,Verilog,2021,2,204,61
62,CodeQL,2021,2,195,59
63,XSLT,2021,2,157,66
64,Cuda,2021,2,148,74
65,Common Lisp,2021,2,147,62
66,Raku,2021,2,140,71
67,YAML,2021,2,124,69
68,Standard ML,2021,2,121,67
69,QML,2021,2,115,64
70,SWIG,2021,2,112,77
71,CMake,2021,2,109,68
72,Coq,2021,2,108,72
73,D,2021,2,107,76
1,Python,2021,3,80105,1
2,JavaScript,2021,3,64938,2
3,Java,2021,3,55137,3
4,TypeScript,2021,3,47629,4
5,Go,2021,3,45439,5
6,C++,2021,3,41182,6
7,PHP,2021,3,28113,7
8,C#,2021,3,23952,8
9,C,2021,3,21624,9
10,Dart,2021,3,11041,11
11,Ruby,2021,3,10343,10
12,Shell,2021,3,8626,12
13,HTML,2021,3,6683,13
14,Kotlin,2021,3,4935,14
15,Swift,2021,3,3626,15
16,Objective-C,2021,3,3084,18
17,Rust,2021,3,3063,16
18,Scala,2021,3,2864,17
19,CSS,2021,3,2611,20
20,Jupyter Notebook,2021,3,2433,19
21,Lua,2021,3,2262,21
22,Nix,2021,3,1965,22
23,Groovy,2021,3,1775,23
24,Emacs Lisp,2021,3,1689,25
25,Perl,2021,3,1649,24
26,R,2021,3,1419,26
27,OCaml,2021,3,1214,30
28,Vue,2021,3,1098,27
29,Haskell,2021,3,1022,28
30,DM,2021,3,1001,29
31,Vim script,2021,3,878,31
32,Dockerfile,2021,3,781,32
33,Clojure,2021,3,713,33
34,Elixir,2021,3,654,35
35,SystemVerilog,2021,3,642,38
36,CoffeeScript,2021,3,611,39
37,Smalltalk,2021,3,604,42
38,PowerShell,2021,3,601,34
39,Erlang,2021,3,593,36
40,Makefile,2021,3,567,37
41,Vala,2021,3,554,45
42,ColdFusion,2021,3,546,43
43,Nunjucks,2021,3,536,41
44,Starlark,2021,3,514,40
45,F#,2021,3,496,49
46,SCSS,2021,3,484,44
47,PLpgSQL,2021,3,452,46
48,HCL,2021,3,375,47
49,MATLAB,2021,3,346,48
50,TeX,2021,3,318,51
51,Julia,2021,3,315,52
52,Pascal,2021,3,301,50
53,Jinja,2021,3,264,53
54,Assembly,2021,3,255,56
55,Fortran,2021,3,243,54
56,Visual Basic .NET,2021,3,228,58
57,CodeQL,2021,3,227,59
58,Jsonnet,2021,3,214,55
59,TSQL,2021,3,209,57
60,Verilog,2021,3,199,61
61,YAML,2021,3,152,69
62,xBase,2021,3,149,63
63,Standard ML,2021,3,148,67
64,Nim,2021,3,147,60
65,Haxe,2021,3,135,70
66,QML,2021,3,129,64
67,Common Lisp,2021,3,127,62
68,Cuda,2021,3,124,74
69,CMake,2021,3,118,68
70,Raku,2021,3,103,71
71,XSLT,2021,3,101,66
1,Python,2021,4,62837,1
2,JavaScript,2021,4,50087,2
3,Java,2021,4,41447,3
4,TypeScript,2021,4,35268,4
5,Go,2021,4,32074,5
6,C++,2021,4,32061,6
7,PHP,2021,4,22317,7
8,C#,2021,4,19238,8
9,C,2021,4,16907,9
10,Ruby,2021,4,8319,10
11,Shell,2021,4,8041,12
12,Dart,2021,4,7782,11
13,HTML,2021,4,5050,13
14,Kotlin,2021,4,3586,14
15,Swift,2021,4,2766,15
16,Rust,2021,4,2653,16
17,Objective-C,2021,4,2328,18
18,Scala,2021,4,2208,17
19,Jupyter Notebook,2021,4,1951,19
20,Nix,2021,4,1907,22
21,CSS,2021,4,1775,20
22,Lua,2021,4,1471,21
23,DM,2021,4,1404,29
24,Groovy,2021,4,1397,23
25,Emacs Lisp,2021,4,1326,25
26,Perl,2021,4,1283,24
27,Haskell,2021,4,1043,28
28,R,2021,4,1017,26
29,OCaml,2021,4,844,30
30,Dockerfile,2021,4,700,32
31,Vue,2021,4,689,27
32,Elixir,2021,4,631,35
33,Clojure,2021,4,587,33
34,SystemVerilog,2021,4,534,38
35,Erlang,2021,4,517,36
36,Vim script,2021,4,512,31
37,Pascal,2021,4,507,50
38,Makefile,2021,4,505,37
39,Nunjucks,2021,4,468,41
40,Starlark,2021,4,453,40
41,Smalltalk,2021,4,437,42
42,SCSS,2021,4,423,44
43,PowerShell,2021,4,421,34
44,ColdFusion,2021,4,417,43
45,CoffeeScript,2021,4,378,39
46,Vala,2021,4,367,45
47,PLpgSQL,2021,4,354,46
48,TeX,2021,4,338,51
49,MATLAB,2021,4,308,48
50,HCL,2021,4,307,47
51,F#,2021,4,303,49
52,Jinja,2021,4,299,53
53,Julia,2021,4,257,52
54,Less,2021,4,242,75
55,Visual Basic .NET,2021,4,228,58
56,Common Lisp,2021,4,212,62
57,Fortran,2021,4,208,54
59,Assembly,2021,4,180,56
59,Verilog,2021,4,180,61
60,CodeQL,2021,4,168,59
61,Roff,2021,4,159,65
62,xBase,2021,4,156,63
63,Nim,2021,4,153,60
64,TSQL,2021,4,119,57
65,QML,2021,4,118,64
67,Haxe,2021,4,106,70
67,SourcePawn,2021,4,106,73
1,Python,2022,1,411,1
2,Java,2022,1,302,2
3,C++,2022,1,283,3
4,JavaScript,2022,1,220,4
5,Go,2022,1,204,5
6,PHP,2022,1,173,6
7,TypeScript,2022,1,169,7
8,C,2022,1,151,8
9,C#,2022,1,148,9
