quarter_rank,language_name,year,quarter,pr_count,year_rank
1,Ruby,2011,3,632,1
2,PHP,2011,3,484,2
3,Python,2011,3,423,3
4,JavaScript,2011,3,367,4
5,Java,2011,3,216,5
6,C++,2011,3,181,6
1,Ruby,2011,4,3047,1
2,PHP,2011,4,2261,2
3,Python,2011,4,2120,3
4,JavaScript,2011,4,1817,4
5,Java,2011,4,984,5
6,C++,2011,4,831,6
7,C,2011,4,623,7
8,Shell,2011,4,406,8
9,C#,2011,4,291,9
10,Objective-C,2011,4,236,10
11,Scala,2011,4,200,11
13,Erlang,2011,4,149,13
13,HTML,2011,4,149,13
14,Haskell,2011,4,111,14
1,Ruby,2012,1,37951,1
2,PHP,2012,1,17274,4
3,Python,2012,1,15692,3
4,JavaScript,2012,1,13388,2
5,Java,2012,1,7817,5
6,C++,2012,1,4942,6
7,C,2012,1,2617,7
8,Groovy,2012,1,1748,14
9,Shell,2012,1,1685,10
10,C#,2012,1,1551,9
11,Scala,2012,1,1243,8
12,Objective-C,2012,1,955,11
13,TypeScript,2012,1,653,23
14,Erlang,2012,1,429,16
15,Haskell,2012,1,379,18
16,CoffeeScript,2012,1,368,13
17,HTML,2012,1,343,12
18,Go,2012,1,298,19
19,Lua,2012,1,294,22
20,Perl,2012,1,271,15
21,ColdFusion,2012,1,211,25
22,Emacs Lisp,2012,1,207,20
23,CSS,2012,1,197,17
24,Clojure,2012,1,188,21
25,Objective-J,2012,1,184,28
26,Elixir,2012,1,113,26
27,Web Ontology Language,2012,1,103,38
1,Ruby,2012,2,16616,1
2,JavaScript,2012,2,15668,2
3,Python,2012,2,14656,3
4,PHP,2012,2,14324,4
5,Java,2012,2,7183,5
6,C++,2012,2,4423,6
7,C,2012,2,2977,7
8,Scala,2012,2,1896,8
9,C#,2012,2,1833,9
10,Objective-C,2012,2,1529,11
11,Shell,2012,2,1327,10
12,HTML,2012,2,1097,12
13,Erlang,2012,2,656,16
14,CoffeeScript,2012,2,638,13
15,Perl,2012,2,631,15
16,Haskell,2012,2,555,18
17,CSS,2012,2,531,17
18,Emacs Lisp,2012,2,526,20
19,Clojure,2012,2,361,21
20,Lua,2012,2,339,22
21,Go,2012,2,313,19
22,Groovy,2012,2,230,14
23,TypeScript,2012,2,191,23
24,Puppet,2012,2,180,27
25,XSLT,2012,2,173,31
26,Objective-J,2012,2,128,28
28,Elixir,2012,2,125,26
28,ColdFusion,2012,2,125,25
29,Vim script,2012,2,112,29
30,nesC,2012,2,109,24
1,JavaScript,2012,3,19104,2
2,Ruby,2012,3,17444,1
3,Python,2012,3,17288,3
4,PHP,2012,3,17240,4
5,Java,2012,3,8285,5
6,C++,2012,3,4894,6
7,C,2012,3,4133,7
8,Scala,2012,3,2505,8
9,Shell,2012,3,2062,10
10,C#,2012,3,1887,9
11,Objective-C,2012,3,1835,11
12,HTML,2012,3,1402,12
13,CoffeeScript,2012,3,945,13
14,Perl,2012,3,740,15
15,CSS,2012,3,698,17
16,Erlang,2012,3,644,16
17,Haskell,2012,3,583,18
18,Emacs Lisp,2012,3,556,20
19,Go,2012,3,543,19
20,Clojure,2012,3,523,21
21,Lua,2012,3,436,22
22,Groovy,2012,3,388,14
23,nesC,2012,3,236,24
24,TypeScript,2012,3,209,23
25,Nix,2012,3,171,30
26,Objective-J,2012,3,143,28
27,Vim script,2012,3,134,29
28,Puppet,2012,3,121,27
29,XSLT,2012,3,120,31
30,VimL,2012,3,118,32
31,Elixir,2012,3,109,26
32,ColdFusion,2012,3,106,25
1,Ruby,2012,4,22135,1
2,Python,2012,4,21675,3
3,JavaScript,2012,4,21190,2
4,PHP,2012,4,17308,4
5,Java,2012,4,10964,5
6,C++,2012,4,5861,6
7,C,2012,4,4833,7
8,C#,2012,4,2379,9
9,Objective-C,2012,4,2163,11
10,Scala,2012,4,2072,8
11,Shell,2012,4,1922,10
12,HTML,2012,4,1790,12
13,Perl,2012,4,1072,15
14,CoffeeScript,2012,4,993,13
15,CSS,2012,4,904,17
16,Go,2012,4,858,19
17,Erlang,2012,4,799,16
18,Haskell,2012,4,704,18
19,Clojure,2012,4,602,21
20,Lua,2012,4,574,22
21,Emacs Lisp,2012,4,542,20
22,TypeScript,2012,4,490,23
23,Groovy,2012,4,394,14
24,nesC,2012,4,314,24
25,Puppet,2012,4,222,27
26,Elixir,2012,4,215,26
27,Nix,2012,4,176,30
28,Vim script,2012,4,169,29
29,VimL,2012,4,148,32
30,ColdFusion,2012,4,138,25
31,Delphi,2012,4,127,33
32,Scheme,2012,4,121,34
34,Jupyter Notebook,2012,4,119,36
34,TSQL,2012,4,119,36
35,Common Lisp,2012,4,103,38
1,JavaScript,2013,1,32666,1
2,Ruby,2013,1,30052,3
3,Python,2013,1,29487,2
4,PHP,2013,1,23628,4
5,Java,2013,1,16919,5
6,C++,2013,1,7240,6
7,C,2013,1,6405,7
8,C#,2013,1,3665,8
9,Objective-C,2013,1,3572,9
10,Shell,2013,1,2833,11
11,HTML,2013,1,2819,10
12,Scala,2013,1,2804,13
13,CSS,2013,1,1865,12
14,CoffeeScript,2013,1,1582,15
15,Go,2013,1,1341,14
16,Perl,2013,1,1252,17
17,Erlang,2013,1,961,18
18,Emacs Lisp,2013,1,950,19
19,TypeScript,2013,1,949,16
20,nesC,2013,1,828,26
21,Haskell,2013,1,811,20
22,Clojure,2013,1,643,25
23,Groovy,2013,1,503,24
24,Lua,2013,1,408,21
25,Nix,2013,1,292,27
26,Puppet,2013,1,288,22
27,Objective-J,2013,1,251,48
28,Vim script,2013,1,222,31
29,Pascal,2013,1,177,50
30,SQF,2013,1,172,55
31,DM,2013,1,168,23
32,Kotlin,2013,1,156,30
33,OCaml,2013,1,139,28
34,VimL,2013,1,138,33
35,Julia,2013,1,136,34
36,XSLT,2013,1,129,37
37,Jupyter Notebook,2013,1,125,32
38,TSQL,2013,1,121,45
39,Smalltalk,2013,1,110,44
40,PowerShell,2013,1,107,40
41,ColdFusion,2013,1,105,41
42,ActionScript,2013,1,103,54
1,Python,2013,2,38044,2
2,JavaScript,2013,2,37471,1
3,Ruby,2013,2,33502,3
4,PHP,2013,2,25522,4
5,Java,2013,2,17650,5
6,C++,2013,2,9943,6
7,C,2013,2,6657,7
8,C#,2013,2,4497,8
9,Objective-C,2013,2,4175,9
10,HTML,2013,2,3897,10
11,Shell,2013,2,2776,11
12,Scala,2013,2,2757,13
13,Perl,2013,2,2434,17
14,Go,2013,2,2318,14
15,CSS,2013,2,2289,12
16,TypeScript,2013,2,1752,16
17,CoffeeScript,2013,2,1635,15
18,Erlang,2013,2,1090,18
19,Emacs Lisp,2013,2,995,19
20,nesC,2013,2,863,26
21,DM,2013,2,844,23
22,Lua,2013,2,800,21
23,Haskell,2013,2,765,20
24,Clojure,2013,2,640,25
25,Groovy,2013,2,538,24
26,Nix,2013,2,497,27
27,Elixir,2013,2,467,29
28,Puppet,2013,2,433,22
29,OCaml,2013,2,340,28
30,Common Lisp,2013,2,332,47
31,Vim script,2013,2,300,31
32,Kotlin,2013,2,202,30
33,Dart,2013,2,185,35
34,TSQL,2013,2,175,45
35,Smalltalk,2013,2,174,44
36,Jupyter Notebook,2013,2,167,32
37,XSLT,2013,2,151,37
38,VimL,2013,2,150,33
39,Julia,2013,2,140,34
40,Vala,2013,2,139,53
41,Scheme,2013,2,129,46
42,Haxe,2013,2,123,49
43,PowerShell,2013,2,120,40
44,Swift,2013,2,118,39
45,ColdFusion,2013,2,117,41
46,Raku,2013,2,113,60
47,Rust,2013,2,112,36
48,Pascal,2013,2,106,50
49,Objective-J,2013,2,105,48
1,JavaScript,2013,3,46079,1
2,Python,2013,3,44783,2
3,Ruby,2013,3,37050,3
4,PHP,2013,3,28573,4
5,Java,2013,3,22139,5
6,C++,2013,3,11878,6
7,C,2013,3,8062,7
8,C#,2013,3,5074,8
9,Objective-C,2013,3,5025,9
10,HTML,2013,3,4455,10
11,CSS,2013,3,4448,12
12,Scala,2013,3,3902,13
13,Shell,2013,3,3769,11
14,Go,2013,3,3584,14
15,TypeScript,2013,3,2179,16
16,CoffeeScript,2013,3,2004,15
17,Perl,2013,3,1969,17
18,Emacs Lisp,2013,3,1425,19
19,Erlang,2013,3,1117,18
20,Lua,2013,3,1004,21
21,DM,2013,3,922,23
22,Puppet,2013,3,916,22
23,Haskell,2013,3,882,20
24,Groovy,2013,3,815,24
25,Clojure,2013,3,720,25
26,Nix,2013,3,600,27
27,Elixir,2013,3,540,29
28,OCaml,2013,3,447,28
29,VimL,2013,3,414,33
30,Kotlin,2013,3,393,30
31,Jupyter Notebook,2013,3,375,32
32,Makefile,2013,3,353,42
33,Vim script,2013,3,326,31
34,XSLT,2013,3,268,37
35,TeX,2013,3,249,38
36,Dart,2013,3,240,35
37,nesC,2013,3,230,26
38,Julia,2013,3,225,34
39,Smalltalk,2013,3,188,44
40,Rust,2013,3,177,36
41,TSQL,2013,3,175,45
44,R,2013,3,159,43
44,Assembly,2013,3,159,56
44,ColdFusion,2013,3,159,41
45,Scheme,2013,3,155,46
46,PowerShell,2013,3,144,40
47,Common Lisp,2013,3,139,47
48,Mako,2013,3,134,58
50,D,2013,3,122,51
50,Fortran,2013,3,122,59
51,Haxe,2013,3,106,49
52,Vala,2013,3,102,53
1,JavaScript,2013,4,58732,1
2,Python,2013,4,54051,2
3,Ruby,2013,4,42989,3
4,PHP,2013,4,35335,4
5,Java,2013,4,29410,5
6,C++,2013,4,15174,6
7,C,2013,4,10537,7
8,C#,2013,4,7461,8
9,HTML,2013,4,7378,10
10,CSS,2013,4,6774,12
11,Shell,2013,4,6515,11
12,Objective-C,2013,4,6140,9
13,Go,2013,4,5050,14
14,Scala,2013,4,4550,13
15,CoffeeScript,2013,4,3670,15
16,TypeScript,2013,4,2513,16
17,Erlang,2013,4,1747,18
18,Perl,2013,4,1636,17
19,Puppet,2013,4,1590,22
20,Emacs Lisp,2013,4,1468,19
21,Groovy,2013,4,1141,24
22,Lua,2013,4,1075,21
23,DM,2013,4,1068,23
24,Haskell,2013,4,968,20
25,Clojure,2013,4,855,25
26,OCaml,2013,4,718,28
27,Nix,2013,4,691,27
28,nesC,2013,4,664,26
29,Swift,2013,4,581,39
30,TeX,2013,4,531,38
31,Kotlin,2013,4,522,30
32,Rust,2013,4,510,36
33,R,2013,4,475,43
34,Dart,2013,4,422,35
35,Julia,2013,4,387,34
36,Jupyter Notebook,2013,4,367,32
37,Elixir,2013,4,348,29
38,Scheme,2013,4,288,46
39,PowerShell,2013,4,286,40
40,Makefile,2013,4,283,42
41,ColdFusion,2013,4,262,41
42,F#,2013,4,244,52
43,XSLT,2013,4,242,37
44,VimL,2013,4,225,33
45,Vim script,2013,4,220,31
46,Logos,2013,4,158,57
47,Smalltalk,2013,4,156,44
48,TSQL,2013,4,150,45
49,D,2013,4,136,51
50,ActionScript,2013,4,126,54
51,Haxe,2013,4,104,49
1,JavaScript,2014,1,79285,1
2,Python,2014,1,65225,2
3,Ruby,2014,1,53443,3
4,PHP,2014,1,46231,4
5,Java,2014,1,35787,5
6,C++,2014,1,20710,6
7,C,2014,1,13596,7
8,HTML,2014,1,9175,8
9,CSS,2014,1,8651,11
10,Objective-C,2014,1,8044,14
11,C#,2014,1,7955,10
12,Shell,2014,1,6908,12
13,Go,2014,1,6673,9
14,Scala,2014,1,6576,13
15,CoffeeScript,2014,1,4564,15
16,TypeScript,2014,1,3080,16
17,Perl,2014,1,2335,18
18,Lua,2014,1,2048,19
19,Emacs Lisp,2014,1,1993,24
20,Erlang,2014,1,1909,22
21,Clojure,2014,1,1724,20
22,Groovy,2014,1,1600,26
23,DM,2014,1,1577,28
24,Puppet,2014,1,1459,27
25,Haskell,2014,1,1390,21
26,Kotlin,2014,1,1341,29
27,Nix,2014,1,1126,25
28,Rust,2014,1,846,17
29,Jupyter Notebook,2014,1,777,31
30,nesC,2014,1,708,48
31,OCaml,2014,1,602,32
32,Makefile,2014,1,586,30
33,Swift,2014,1,585,23
34,Dart,2014,1,569,38
35,Julia,2014,1,557,36
36,F#,2014,1,550,35
37,Elixir,2014,1,434,33
38,Vim script,2014,1,418,41
39,PowerShell,2014,1,413,40
40,R,2014,1,373,37
41,TeX,2014,1,372,43
42,Scheme,2014,1,364,46
43,XSLT,2014,1,356,45
44,TSQL,2014,1,324,39
45,D,2014,1,313,47
46,VimL,2014,1,270,51
47,PLSQL,2014,1,269,34
48,ActionScript,2014,1,266,44
49,CMake,2014,1,262,50
50,Haxe,2014,1,251,49
51,Apex,2014,1,242,53
52,QML,2014,1,196,58
53,Smalltalk,2014,1,191,52
54,Fortran,2014,1,187,42
55,Assembly,2014,1,161,56
56,Pascal,2014,1,146,60
57,Common Lisp,2014,1,141,55
58,Objective-C++,2014,1,138,73
59,Pan,2014,1,132,82
60,Vala,2014,1,130,65
61,ColdFusion,2014,1,126,54
62,Tcl,2014,1,105,64
63,Mako,2014,1,102,92
1,JavaScript,2014,2,91650,1
2,Python,2014,2,73924,2
3,Ruby,2014,2,60784,3
4,PHP,2014,2,46812,4
5,Java,2014,2,43988,5
6,C++,2014,2,24380,6
7,C,2014,2,14731,7
8,HTML,2014,2,13161,8
9,CSS,2014,2,10680,11
10,C#,2014,2,10549,10
11,Go,2014,2,10016,9
12,Scala,2014,2,8631,13
13,Objective-C,2014,2,8399,14
14,Shell,2014,2,7958,12
15,CoffeeScript,2014,2,5792,15
16,TypeScript,2014,2,4635,16
17,Perl,2014,2,2567,18
18,Rust,2014,2,2286,17
19,Lua,2014,2,2126,19
20,Erlang,2014,2,1961,22
21,Haskell,2014,2,1740,21
22,Clojure,2014,2,1698,20
23,Nix,2014,2,1619,25
24,Groovy,2014,2,1583,26
25,Emacs Lisp,2014,2,1579,24
26,Puppet,2014,2,1444,27
27,DM,2014,2,1244,28
28,Kotlin,2014,2,1176,29
29,Jupyter Notebook,2014,2,914,31
30,OCaml,2014,2,867,32
31,Swift,2014,2,840,23
32,Elixir,2014,2,736,33
33,R,2014,2,706,37
34,Makefile,2014,2,628,30
35,F#,2014,2,614,35
36,Dart,2014,2,588,38
37,TSQL,2014,2,572,39
38,PLSQL,2014,2,571,34
39,Julia,2014,2,553,36
40,Fortran,2014,2,533,42
41,nesC,2014,2,507,48
42,Vim script,2014,2,457,41
43,PowerShell,2014,2,427,40
44,Scheme,2014,2,420,46
45,ActionScript,2014,2,393,44
46,Haxe,2014,2,383,49
47,TeX,2014,2,375,43
48,XSLT,2014,2,323,45
49,VimL,2014,2,279,51
50,Smalltalk,2014,2,277,52
51,D,2014,2,260,47
52,Assembly,2014,2,258,56
53,Apex,2014,2,216,53
54,ColdFusion,2014,2,198,54
55,Liquid,2014,2,171,69
56,Pascal,2014,2,149,60
57,SQLPL,2014,2,138,72
58,Objective-C++,2014,2,132,73
59,Racket,2014,2,129,83
60,SQL,2014,2,123,87
61,Objective-J,2014,2,115,63
62,Common Lisp,2014,2,113,55
63,Vim Snippet,2014,2,110,77
64,CMake,2014,2,109,50
65,Common Workflow Language,2014,2,107,80
66,Eagle,2014,2,106,89
67,Vala,2014,2,105,65
68,Protocol Buffer,2014,2,104,67
69,QML,2014,2,103,58
70,Standard ML,2014,2,102,74
1,JavaScript,2014,3,109364,1
2,Python,2014,3,82053,2
3,Ruby,2014,3,67387,3
4,PHP,2014,3,53112,4
5,Java,2014,3,49765,5
6,C++,2014,3,29235,6
7,Go,2014,3,16910,9
8,HTML,2014,3,16756,8
9,C,2014,3,16625,7
10,C#,2014,3,11871,10
11,CSS,2014,3,11732,11
12,Scala,2014,3,10910,13
13,Shell,2014,3,10511,12
14,Objective-C,2014,3,8385,14
15,CoffeeScript,2014,3,6112,15
16,TypeScript,2014,3,5370,16
17,Rust,2014,3,3500,17
18,Perl,2014,3,2991,18
19,Lua,2014,3,2622,19
20,Swift,2014,3,2613,23
21,Haskell,2014,3,2523,21
22,Clojure,2014,3,2482,20
23,Nix,2014,3,2066,25
24,Groovy,2014,3,1814,26
25,Erlang,2014,3,1804,22
26,Puppet,2014,3,1580,27
27,Emacs Lisp,2014,3,1535,24
28,Makefile,2014,3,1393,30
29,DM,2014,3,1388,28
30,Jupyter Notebook,2014,3,1126,31
31,Elixir,2014,3,1073,33
32,Kotlin,2014,3,1056,29
33,PLSQL,2014,3,1000,34
34,OCaml,2014,3,857,32
35,Julia,2014,3,768,36
36,F#,2014,3,689,35
37,ActionScript,2014,3,634,44
38,Dart,2014,3,579,38
39,R,2014,3,561,37
40,PowerShell,2014,3,552,40
41,Fortran,2014,3,511,42
42,D,2014,3,466,47
43,TSQL,2014,3,423,39
44,Scheme,2014,3,372,46
45,TeX,2014,3,347,43
46,Vim script,2014,3,321,41
47,XSLT,2014,3,278,45
48,Smalltalk,2014,3,243,52
49,Common Lisp,2014,3,240,55
50,Apex,2014,3,238,53
51,VimL,2014,3,234,51
52,Haxe,2014,3,232,49
53,ColdFusion,2014,3,219,54
54,Assembly,2014,3,214,56
55,CMake,2014,3,205,50
56,Pascal,2014,3,167,60
57,SCSS,2014,3,154,60
58,Liquid,2014,3,147,69
59,XQuery,2014,3,145,71
60,Objective-J,2014,3,143,63
61,Dockerfile,2014,3,139,66
62,Tcl,2014,3,138,64
63,QML,2014,3,134,58
64,GCC Machine Description,2014,3,131,76
65,PLpgSQL,2014,3,123,87
66,Protocol Buffer,2014,3,118,67
68,Vala,2014,3,116,65
68,Vim Snippet,2014,3,116,77
69,Xtend,2014,3,109,88
70,Matlab,2014,3,105,78
71,ApacheConf,2014,3,103,68
73,Common Workflow Language,2014,3,102,80
73,Arduino,2014,3,102,92
1,JavaScript,2014,4,122908,1
2,Python,2014,4,92612,2
3,Ruby,2014,4,74442,3
4,Java,2014,4,57996,5
5,PHP,2014,4,56585,4
6,C++,2014,4,32035,6
7,Go,2014,4,20395,9
8,C,2014,4,19354,7
9,HTML,2014,4,17772,8
10,C#,2014,4,14199,10
11,CSS,2014,4,13352,11
12,Shell,2014,4,11773,12
13,Scala,2014,4,10851,13
14,Objective-C,2014,4,8353,14
15,TypeScript,2014,4,7015,16
16,CoffeeScript,2014,4,5697,15
17,Rust,2014,4,5462,17
18,Swift,2014,4,3406,23
19,Perl,2014,4,3240,18
20,Clojure,2014,4,2734,20
21,Lua,2014,4,2728,19
22,Haskell,2014,4,2645,21
23,Kotlin,2014,4,2328,29
24,DM,2014,4,2144,28
25,Erlang,2014,4,2084,22
26,Puppet,2014,4,1949,27
27,Nix,2014,4,1885,25
28,Emacs Lisp,2014,4,1815,24
29,Groovy,2014,4,1675,26
30,Makefile,2014,4,1539,30
31,PLSQL,2014,4,1113,34
33,OCaml,2014,4,968,32
33,F#,2014,4,968,35
34,Jupyter Notebook,2014,4,865,31
35,Elixir,2014,4,827,33
36,R,2014,4,813,37
37,TSQL,2014,4,803,39
38,PowerShell,2014,4,676,40
39,YAML,2014,4,673,57
40,Julia,2014,4,669,36
41,Vim script,2014,4,576,41
42,Visual Basic,2014,4,548,61
43,TeX,2014,4,547,43
44,Dart,2014,4,539,38
45,XSLT,2014,4,527,45
46,CMake,2014,4,492,50
47,Fortran,2014,4,467,42
48,SCSS,2014,4,447,60
49,Gherkin,2014,4,425,62
50,D,2014,4,354,47
51,JSON,2014,4,312,70
52,Haxe,2014,4,311,49
53,Scheme,2014,4,303,46
54,Smalltalk,2014,4,285,52
55,PureScript,2014,4,256,75
56,Common Lisp,2014,4,252,55
57,VimL,2014,4,230,51
58,ColdFusion,2014,4,227,54
59,ActionScript,2014,4,222,44
60,ApacheConf,2014,4,221,68
61,ooc,2014,4,212,79
62,Dockerfile,2014,4,209,66
63,Apex,2014,4,186,53
64,QML,2014,4,178,58
65,MATLAB,2014,4,168,81
66,Standard ML,2014,4,161,74
67,Pascal,2014,4,139,60
68,XQuery,2014,4,138,71
69,SQLPL,2014,4,133,72
71,Objective-J,2014,4,126,63
71,SQF,2014,4,126,84
72,PostScript,2014,4,125,85
73,Protocol Buffer,2014,4,119,67
74,Matlab,2014,4,117,78
75,Tcl,2014,4,110,64
76,ASP,2014,4,104,90
77,GCC Machine Description,2014,4,103,76
78,Assembly,2014,4,100,56
1,JavaScript,2015,1,159184,1
2,Python,2015,1,119803,2
3,Ruby,2015,1,92148,3
4,Java,2015,1,79605,4
5,PHP,2015,1,74671,5
6,C++,2015,1,39024,6
7,Go,2015,1,30419,7
8,HTML,2015,1,27733,8
9,C,2015,1,23609,10
10,C#,2015,1,22963,9
11,CSS,2015,1,16878,11
12,Shell,2015,1,15493,12
13,Scala,2015,1,13536,14
14,Objective-C,2015,1,11216,15
15,TypeScript,2015,1,9668,13
16,Rust,2015,1,8089,18
17,CoffeeScript,2015,1,6802,17
18,Swift,2015,1,4813,16
19,Perl,2015,1,3933,21
20,Lua,2015,1,3560,20
21,Clojure,2015,1,3488,19
22,Haskell,2015,1,3244,22
23,Erlang,2015,1,2602,24
24,DM,2015,1,2596,23
25,Makefile,2015,1,2485,29
26,Puppet,2015,1,2480,32
27,Nix,2015,1,2404,27
28,Groovy,2015,1,2364,25
29,Emacs Lisp,2015,1,2274,30
30,Kotlin,2015,1,1823,26
31,R,2015,1,1577,34
32,Jupyter Notebook,2015,1,1568,28
33,OCaml,2015,1,1175,37
34,Dart,2015,1,1147,35
35,Elixir,2015,1,1068,33
36,TSQL,2015,1,971,43
37,PowerShell,2015,1,962,31
38,Julia,2015,1,950,36
39,YAML,2015,1,938,39
40,F#,2015,1,872,40
41,Visual Basic,2015,1,830,38
42,Vim script,2015,1,637,45
43,TeX,2015,1,635,41
44,ApacheConf,2015,1,589,42
45,Fortran,2015,1,575,49
46,Scheme,2015,1,562,54
47,PLSQL,2015,1,477,76
48,Thrift,2015,1,467,46
49,Haxe,2015,1,450,51
50,Dockerfile,2015,1,422,44
51,PureScript,2015,1,411,47
52,XSLT,2015,1,404,52
53,QML,2015,1,399,59
54,SCSS,2015,1,360,53
55,VimL,2015,1,357,57
56,D,2015,1,342,58
57,Common Lisp,2015,1,337,60
58,SQF,2015,1,326,70
59,Assembly,2015,1,324,55
60,CMake,2015,1,315,48
61,ColdFusion,2015,1,310,78
62,PLpgSQL,2015,1,272,61
63,Vala,2015,1,267,69
64,Apex,2015,1,251,72
65,MATLAB,2015,1,237,56
66,Smalltalk,2015,1,231,63
67,Gherkin,2015,1,229,66
68,Tcl,2015,1,218,92
69,ActionScript,2015,1,212,65
70,Eagle,2015,1,207,90
71,Standard ML,2015,1,204,74
72,Objective-C++,2015,1,199,62
73,JSON,2015,1,188,64
74,HCL,2015,1,186,73
75,PostScript,2015,1,179,87
76,ooc,2015,1,177,50
77,ASP,2015,1,174,104
78,Matlab,2015,1,165,71
79,SourcePawn,2015,1,159,88
80,Rich Text Format,2015,1,157,106
82,XQuery,2015,1,149,108
82,Racket,2015,1,149,77
83,Pascal,2015,1,147,79
84,Processing,2015,1,145,75
85,Arduino,2015,1,143,82
86,SaltStack,2015,1,142,83
87,Elm,2015,1,140,67
89,Batchfile,2015,1,137,81
89,Raku,2015,1,137,80
91,Perl 6,2015,1,134,68
91,Smarty,2015,1,134,99
92,Liquid,2015,1,127,114
93,Groff,2015,1,126,84
94,Hack,2015,1,113,119
95,CWeb,2015,1,107,120
96,Objective-J,2015,1,106,122
1,JavaScript,2015,2,187618,1
2,Python,2015,2,138537,2
3,Java,2015,2,99768,4
4,Ruby,2015,2,96362,3
5,PHP,2015,2,79571,5
6,C++,2015,2,44827,6
7,Go,2015,2,41655,7
8,HTML,2015,2,33482,8
9,C#,2015,2,28183,9
10,C,2015,2,26825,10
11,Shell,2015,2,18703,12
12,CSS,2015,2,18224,11
13,Scala,2015,2,15854,14
14,TypeScript,2015,2,14616,13
15,Objective-C,2015,2,12864,15
16,Rust,2015,2,8456,18
17,CoffeeScript,2015,2,8071,17
18,Swift,2015,2,7354,16
19,Lua,2015,2,4152,20
20,Clojure,2015,2,3800,19
21,Perl,2015,2,3783,21
22,Haskell,2015,2,3647,22
23,Erlang,2015,2,3246,24
24,DM,2015,2,3008,23
25,Groovy,2015,2,2826,25
26,Kotlin,2015,2,2540,26
27,Nix,2015,2,2331,27
28,PowerShell,2015,2,2110,31
29,Emacs Lisp,2015,2,2039,30
30,Puppet,2015,2,1938,32
31,Dart,2015,2,1802,35
32,Makefile,2015,2,1757,29
33,Elixir,2015,2,1725,33
34,YAML,2015,2,1710,39
35,Jupyter Notebook,2015,2,1668,28
36,R,2015,2,1600,34
37,OCaml,2015,2,1497,37
38,Julia,2015,2,1296,36
39,Visual Basic,2015,2,975,38
40,F#,2015,2,965,40
41,Thrift,2015,2,943,46
42,TeX,2015,2,926,41
43,TSQL,2015,2,836,43
44,Dockerfile,2015,2,683,44
45,Fortran,2015,2,664,49
46,Vim script,2015,2,651,45
47,Haxe,2015,2,587,51
48,PureScript,2015,2,584,47
50,Processing,2015,2,532,75
50,JSON,2015,2,532,64
51,XSLT,2015,2,500,52
52,CMake,2015,2,488,48
53,SCSS,2015,2,478,53
54,Scheme,2015,2,474,54
55,VimL,2015,2,442,57
56,MATLAB,2015,2,405,56
57,ApacheConf,2015,2,390,42
59,D,2015,2,380,58
59,Vala,2015,2,380,69
60,AutoIt,2015,2,355,96
61,QML,2015,2,353,59
62,Smalltalk,2015,2,332,63
63,PLpgSQL,2015,2,329,61
64,ActionScript,2015,2,302,65
65,PLSQL,2015,2,283,76
66,Common Lisp,2015,2,277,60
67,ooc,2015,2,273,50
68,Matlab,2015,2,271,71
69,Apex,2015,2,269,72
71,Perl 6,2015,2,265,68
71,SQF,2015,2,265,70
72,Assembly,2015,2,254,55
73,Objective-C++,2015,2,250,62
75,HCL,2015,2,247,73
75,Mustache,2015,2,247,95
76,Perl6,2015,2,215,90
78,Racket,2015,2,205,77
78,Gherkin,2015,2,205,66
79,Standard ML,2015,2,196,74
80,Elm,2015,2,183,67
81,Pascal,2015,2,172,79
82,Groff,2015,2,165,84
83,PostScript,2015,2,163,87
84,Raku,2015,2,157,80
85,Cuda,2015,2,151,102
86,GDScript,2015,2,143,112
87,Protocol Buffer,2015,2,136,85
88,ColdFusion,2015,2,129,78
89,Verilog,2015,2,119,116
90,Jsonnet,2015,2,116,101
91,Arduino,2015,2,115,82
92,SQLPL,2015,2,114,118
93,GCC Machine Description,2015,2,113,86
1,JavaScript,2015,3,217971,1
2,Python,2015,3,158188,2
3,Java,2015,3,106372,4
4,Ruby,2015,3,103950,3
5,PHP,2015,3,86688,5
6,Go,2015,3,51552,7
7,C++,2015,3,47984,6
8,HTML,2015,3,45419,8
9,C#,2015,3,33214,9
10,C,2015,3,30865,10
11,Shell,2015,3,25053,12
12,CSS,2015,3,24588,11
13,TypeScript,2015,3,18350,13
14,Scala,2015,3,16127,14
15,Objective-C,2015,3,14562,15
16,Swift,2015,3,10089,16
17,CoffeeScript,2015,3,8613,17
18,Rust,2015,3,6808,18
19,Clojure,2015,3,4907,19
20,Lua,2015,3,4095,20
21,Haskell,2015,3,3769,22
22,Erlang,2015,3,3696,24
23,Perl,2015,3,3667,21
24,DM,2015,3,3306,23
25,Jupyter Notebook,2015,3,3225,28
26,Groovy,2015,3,2865,25
27,PowerShell,2015,3,2538,31
28,Nix,2015,3,2511,27
29,Kotlin,2015,3,2500,26
30,Elixir,2015,3,2437,33
31,R,2015,3,2307,34
32,Julia,2015,3,2239,36
33,Emacs Lisp,2015,3,2163,30
34,Puppet,2015,3,1994,32
35,Makefile,2015,3,1925,29
36,Dart,2015,3,1457,35
37,ApacheConf,2015,3,1320,42
38,YAML,2015,3,1284,39
39,OCaml,2015,3,1237,37
40,Visual Basic,2015,3,1232,38
41,TSQL,2015,3,1099,43
42,TeX,2015,3,1064,41
43,F#,2015,3,1060,40
44,Thrift,2015,3,1034,46
45,Dockerfile,2015,3,924,44
46,CMake,2015,3,806,48
47,PureScript,2015,3,712,47
48,Vim script,2015,3,680,45
49,XSLT,2015,3,589,52
50,MATLAB,2015,3,486,56
51,D,2015,3,470,58
52,SCSS,2015,3,458,53
53,ooc,2015,3,446,50
54,Haxe,2015,3,428,51
55,Fortran,2015,3,421,49
56,Gherkin,2015,3,415,66
57,QML,2015,3,398,59
58,PLpgSQL,2015,3,394,61
59,VimL,2015,3,388,57
60,Elm,2015,3,364,67
61,Standard ML,2015,3,350,74
62,ActionScript,2015,3,338,65
63,Objective-C++,2015,3,333,62
64,Smalltalk,2015,3,324,63
65,Racket,2015,3,312,77
66,Pascal,2015,3,300,79
67,Vala,2015,3,299,69
68,Matlab,2015,3,295,71
70,Scheme,2015,3,294,54
70,SQF,2015,3,294,70
71,Common Lisp,2015,3,265,60
72,HCL,2015,3,258,73
73,mIRC Script,2015,3,253,94
74,SaltStack,2015,3,251,83
75,Batchfile,2015,3,248,81
76,ColdFusion,2015,3,236,78
77,JSON,2015,3,232,64
78,GCC Machine Description,2015,3,228,86
79,Raku,2015,3,211,80
80,Assembly,2015,3,209,55
81,Apex,2015,3,198,72
82,Perl 6,2015,3,176,68
83,Crystal,2015,3,170,91
84,Protocol Buffer,2015,3,168,85
85,Arduino,2015,3,166,82
86,Processing,2015,3,165,75
87,BitBake,2015,3,160,97
88,Vue,2015,3,157,93
89,Jinja,2015,3,156,98
90,SourcePawn,2015,3,144,88
92,Groff,2015,3,137,84
92,Roff,2015,3,137,100
93,Mustache,2015,3,129,95
94,Cuda,2015,3,121,102
96,Eagle,2015,3,104,90
96,IDL,2015,3,104,103
97,PLSQL,2015,3,102,76
98,Mathematica,2015,3,101,124
1,JavaScript,2015,4,276229,1
2,Python,2015,4,168664,2
3,Ruby,2015,4,124970,3
4,Java,2015,4,122191,4
5,PHP,2015,4,99509,5
6,Go,2015,4,59519,7
7,C++,2015,4,57276,6
8,HTML,2015,4,55186,8
9,C#,2015,4,39029,9
10,C,2015,4,32850,10
11,Shell,2015,4,26602,12
12,CSS,2015,4,26552,11
13,TypeScript,2015,4,23795,13
14,Scala,2015,4,16244,14
15,Objective-C,2015,4,15228,15
16,Swift,2015,4,13527,16
17,CoffeeScript,2015,4,8830,17
18,Rust,2015,4,6159,18
19,Clojure,2015,4,5971,19
20,Lua,2015,4,4545,20
21,DM,2015,4,4401,23
22,Perl,2015,4,4022,21
23,Jupyter Notebook,2015,4,3731,28
24,Haskell,2015,4,3503,22
25,Kotlin,2015,4,3444,26
26,Erlang,2015,4,3433,24
27,Makefile,2015,4,3353,29
28,Groovy,2015,4,3144,25
29,Nix,2015,4,2970,27
30,PowerShell,2015,4,2932,31
31,Elixir,2015,4,2779,33
32,Emacs Lisp,2015,4,2605,30
33,Dart,2015,4,2299,35
34,R,2015,4,2173,34
35,Visual Basic,2015,4,2032,38
36,Puppet,2015,4,1976,32
37,F#,2015,4,1854,40
38,Julia,2015,4,1731,36
39,TeX,2015,4,1683,41
40,OCaml,2015,4,1597,37
41,ApacheConf,2015,4,1550,42
42,ooc,2015,4,1195,50
43,Dockerfile,2015,4,1096,44
44,YAML,2015,4,1056,39
45,Vim script,2015,4,947,45
46,Assembly,2015,4,857,55
47,TSQL,2015,4,838,43
48,CMake,2015,4,641,48
49,PureScript,2015,4,637,47
50,SCSS,2015,4,602,53
51,Fortran,2015,4,575,49
52,Haxe,2015,4,572,51
53,Common Lisp,2015,4,566,60
54,Perl 6,2015,4,551,68
55,MATLAB,2015,4,490,56
56,XSLT,2015,4,481,52
57,Objective-C++,2015,4,474,62
58,Elm,2015,4,444,67
59,Scheme,2015,4,427,54
60,PLpgSQL,2015,4,402,61
61,VimL,2015,4,399,57
62,Raku,2015,4,398,80
63,QML,2015,4,396,59
64,D,2015,4,376,58
65,ActionScript,2015,4,352,65
66,HCL,2015,4,350,73
67,Matlab,2015,4,341,71
68,Smalltalk,2015,4,336,63
69,Batchfile,2015,4,333,81
70,Apex,2015,4,325,72
71,Pascal,2015,4,300,79
72,Racket,2015,4,297,77
73,Gherkin,2015,4,291,66
74,Standard ML,2015,4,285,74
75,Crystal,2015,4,273,91
76,JSON,2015,4,269,64
77,Perl6,2015,4,261,90
78,ColdFusion,2015,4,252,78
79,Protocol Buffer,2015,4,248,85
80,Arduino,2015,4,247,82
81,SaltStack,2015,4,241,83
82,Vue,2015,4,223,93
83,SQF,2015,4,209,70
85,GCC Machine Description,2015,4,180,86
85,Smarty,2015,4,180,99
86,SourcePawn,2015,4,176,88
87,BitBake,2015,4,172,97
89,Vala,2015,4,168,69
89,Eiffel,2015,4,168,105
90,Tcl,2015,4,166,92
92,Jinja,2015,4,165,98
92,Eagle,2015,4,165,90
93,Jsonnet,2015,4,161,101
94,OpenEdge ABL,2015,4,152,107
95,Roff,2015,4,149,100
96,LLVM,2015,4,148,109
98,GLSL,2015,4,145,111
98,Markdown,2015,4,145,111
99,Processing,2015,4,141,75
100,PostScript,2015,4,139,87
101,Groff,2015,4,138,84
102,Web Ontology Language,2015,4,128,113
103,mIRC Script,2015,4,124,94
104,Slash,2015,4,122,115
105,FORTRAN,2015,4,115,117
106,API Blueprint,2015,4,106,122
109,Common Workflow Language,2015,4,105,123
109,PLSQL,2015,4,105,76
109,IDL,2015,4,105,103
1,JavaScript,2016,1,354843,1
2,Python,2016,1,191398,2
3,Java,2016,1,140080,3
4,Ruby,2016,1,137821,4
5,PHP,2016,1,109603,5
6,Go,2016,1,72346,6
7,C++,2016,1,67634,7
8,HTML,2016,1,63078,8
9,C#,2016,1,40577,10
10,C,2016,1,36877,11
11,CSS,2016,1,34210,13
12,TypeScript,2016,1,32257,9
13,Shell,2016,1,29124,12
14,Scala,2016,1,20215,14
15,Objective-C,2016,1,17666,16
16,Swift,2016,1,17485,15
17,CoffeeScript,2016,1,9333,18
18,Rust,2016,1,8683,17
19,Lua,2016,1,5523,20
20,Jupyter Notebook,2016,1,5124,19
21,Clojure,2016,1,5091,22
22,DM,2016,1,4698,24
23,Perl,2016,1,4669,25
24,Kotlin,2016,1,4585,21
25,Groovy,2016,1,4243,23
26,Makefile,2016,1,3749,31
27,Visual Basic,2016,1,3632,33
28,PowerShell,2016,1,3552,30
29,Nix,2016,1,3522,27
30,Elixir,2016,1,3511,26
31,Erlang,2016,1,3443,29
32,Haskell,2016,1,3349,28
33,R,2016,1,3086,32
34,Puppet,2016,1,2985,36
35,Dart,2016,1,2819,34
36,Emacs Lisp,2016,1,2533,37
37,OCaml,2016,1,2190,35
38,TeX,2016,1,2065,38
39,F#,2016,1,1638,40
40,Julia,2016,1,1442,39
41,Dockerfile,2016,1,1257,41
42,YAML,2016,1,1256,44
43,Vim script,2016,1,1107,42
44,ooc,2016,1,881,61
45,Fortran,2016,1,809,49
46,Haxe,2016,1,804,51
47,SCSS,2016,1,726,45
48,PureScript,2016,1,713,53
49,XSLT,2016,1,696,56
50,TSQL,2016,1,685,47
51,MATLAB,2016,1,669,55
52,Smalltalk,2016,1,651,62
54,CMake,2016,1,638,46
54,Common Lisp,2016,1,638,50
55,Elm,2016,1,617,48
56,D,2016,1,601,63
57,Vue,2016,1,597,43
58,Matlab,2016,1,587,54
59,Objective-C++,2016,1,582,52
60,GLSL,2016,1,472,70
61,Crystal,2016,1,456,59
62,HCL,2016,1,446,57
63,Vala,2016,1,421,77
64,Pascal,2016,1,420,71
65,Apex,2016,1,399,76
67,Perl 6,2016,1,392,69
67,Assembly,2016,1,392,82
68,ColdFusion,2016,1,391,79
69,QML,2016,1,386,65
70,Scheme,2016,1,377,66
71,RobotFramework,2016,1,373,67
72,Objective-J,2016,1,371,113
73,WebAssembly,2016,1,368,74
74,PLpgSQL,2016,1,353,58
75,Markdown,2016,1,340,83
76,Arduino,2016,1,339,72
77,VimL,2016,1,331,87
78,Batchfile,2016,1,326,73
79,Jsonnet,2016,1,316,90
80,Gherkin,2016,1,314,60
81,SQF,2016,1,307,69
82,BitBake,2016,1,279,64
83,Standard ML,2016,1,278,95
84,API Blueprint,2016,1,277,93
85,SaltStack,2016,1,267,86
86,Nim,2016,1,265,85
87,Cucumber,2016,1,262,118
88,mIRC Script,2016,1,261,84
89,Roff,2016,1,243,80
90,SourcePawn,2016,1,242,81
91,Protocol Buffer,2016,1,224,94
92,ActionScript,2016,1,221,109
93,Tcl,2016,1,211,75
94,ApacheConf,2016,1,206,96
95,JSON,2016,1,201,111
96,Cuda,2016,1,198,102
97,Eagle,2016,1,182,107
98,Raku,2016,1,175,88
99,Racket,2016,1,174,106
100,Jinja,2016,1,169,101
101,SystemVerilog,2016,1,158,129
102,PLSQL,2016,1,157,92
104,Processing,2016,1,149,112
104,Game Maker Language,2016,1,149,131
105,Smarty,2016,1,148,91
106,NSIS,2016,1,144,133
107,SQLPL,2016,1,134,105
108,Xtend,2016,1,131,89
110,Nginx,2016,1,128,104
110,Mathematica,2016,1,128,138
111,Mustache,2016,1,127,78
112,LiveScript,2016,1,126,121
113,Verilog,2016,1,123,117
114,Eiffel,2016,1,120,120
115,Rascal,2016,1,118,98
116,Stylus,2016,1,114,108
118,YARA,2016,1,112,124
118,GCC Machine Description,2016,1,112,122
119,Ceylon,2016,1,111,145
120,PostScript,2016,1,110,114
121,Modelica,2016,1,107,148
122,Perl6,2016,1,105,97
123,MoonScript,2016,1,101,150
1,JavaScript,2016,2,373028,1
2,Python,2016,2,201763,2
3,Java,2016,2,145221,3
4,Ruby,2016,2,108650,4
5,PHP,2016,2,106539,5
6,Go,2016,2,74733,6
7,C++,2016,2,69711,7
8,HTML,2016,2,61002,8
9,C#,2016,2,43169,10
10,TypeScript,2016,2,42717,9
11,C,2016,2,36068,11
12,CSS,2016,2,31216,13
13,Shell,2016,2,30939,12
14,Scala,2016,2,21732,14
15,Swift,2016,2,19736,15
16,Objective-C,2016,2,13456,16
17,Rust,2016,2,9310,17
18,CoffeeScript,2016,2,8248,18
19,Clojure,2016,2,5408,22
20,Lua,2016,2,5357,20
21,DM,2016,2,5241,24
22,Groovy,2016,2,4978,23
23,Kotlin,2016,2,4883,21
24,Jupyter Notebook,2016,2,4604,19
25,Elixir,2016,2,4342,26
26,Perl,2016,2,4202,25
27,Haskell,2016,2,3581,28
29,Makefile,2016,2,3540,31
29,Erlang,2016,2,3540,29
30,Nix,2016,2,3451,27
31,R,2016,2,3171,32
32,PowerShell,2016,2,3163,30
33,Dart,2016,2,2630,34
34,Visual Basic,2016,2,2554,33
35,OCaml,2016,2,2528,35
36,TeX,2016,2,2498,38
37,Puppet,2016,2,2299,36
38,Emacs Lisp,2016,2,2232,37
39,F#,2016,2,1920,40
40,Julia,2016,2,1760,39
41,YAML,2016,2,1545,44
42,Common Lisp,2016,2,1309,50
43,Vim script,2016,2,1255,42
44,Dockerfile,2016,2,1188,41
45,TSQL,2016,2,1018,47
46,CMake,2016,2,937,46
47,SCSS,2016,2,873,45
48,Elm,2016,2,714,48
49,Matlab,2016,2,689,54
50,Objective-C++,2016,2,655,52
52,PLpgSQL,2016,2,626,58
52,Haxe,2016,2,626,51
53,PureScript,2016,2,625,53
54,Fortran,2016,2,611,49
55,HCL,2016,2,594,57
56,XSLT,2016,2,556,56
57,Vue,2016,2,540,43
58,Gherkin,2016,2,539,60
59,MATLAB,2016,2,513,55
60,WebAssembly,2016,2,512,74
61,Smalltalk,2016,2,490,62
62,BitBake,2016,2,467,64
63,D,2016,2,466,63
64,Tcl,2016,2,465,75
65,ooc,2016,2,440,61
66,Scheme,2016,2,419,66
67,QML,2016,2,417,65
68,RobotFramework,2016,2,410,67
69,GLSL,2016,2,401,70
70,Perl 6,2016,2,394,69
71,Arduino,2016,2,393,72
72,SQF,2016,2,391,69
73,Crystal,2016,2,389,59
74,Batchfile,2016,2,381,73
75,SourcePawn,2016,2,356,81
76,Mustache,2016,2,337,78
77,Markdown,2016,2,333,83
78,Roff,2016,2,311,80
80,JSON,2016,2,301,111
80,Pascal,2016,2,301,71
81,PLSQL,2016,2,298,92
82,ColdFusion,2016,2,296,79
83,Vala,2016,2,276,77
84,Apex,2016,2,254,76
85,Prolog,2016,2,252,103
87,PostScript,2016,2,239,114
87,Nim,2016,2,239,85
88,API Blueprint,2016,2,233,93
89,Protocol Buffer,2016,2,232,94
90,SQLPL,2016,2,228,105
91,Rascal,2016,2,222,98
92,Assembly,2016,2,215,82
93,ActionScript,2016,2,207,109
96,ASP,2016,2,206,115
96,Raku,2016,2,206,88
96,Jsonnet,2016,2,206,90
98,Rich Text Format,2016,2,203,110
98,ApacheConf,2016,2,203,96
99,Smarty,2016,2,197,91
100,Starlark,2016,2,196,99
101,Xtend,2016,2,191,89
103,VimL,2016,2,189,87
103,SaltStack,2016,2,189,86
104,Zephir,2016,2,186,126
105,mIRC Script,2016,2,176,84
106,Standard ML,2016,2,168,95
107,SAS,2016,2,157,130
108,Groff,2016,2,147,132
109,Jinja,2016,2,143,101
111,Verilog,2016,2,142,117
111,Racket,2016,2,142,106
112,Eagle,2016,2,132,107
113,Stylus,2016,2,129,108
114,Logos,2016,2,126,139
115,Cuda,2016,2,118,102
116,Nginx,2016,2,117,104
117,GAP,2016,2,114,142
118,Processing,2016,2,111,112
1,JavaScript,2016,3,370929,1
2,Python,2016,3,199829,2
3,Java,2016,3,133170,3
4,Ruby,2016,3,99275,4
5,PHP,2016,3,96026,5
6,Go,2016,3,77394,6
7,C++,2016,3,66654,7
8,HTML,2016,3,52673,8
9,TypeScript,2016,3,50335,9
10,C#,2016,3,43185,10
11,C,2016,3,34589,11
12,Shell,2016,3,28659,12
13,CSS,2016,3,26991,13
14,Swift,2016,3,22293,15
15,Scala,2016,3,21146,14
16,Objective-C,2016,3,12227,16
17,Rust,2016,3,8355,17
18,CoffeeScript,2016,3,6562,18
19,Jupyter Notebook,2016,3,6473,19
20,Kotlin,2016,3,5743,21
21,Lua,2016,3,5286,20
22,Clojure,2016,3,4867,22
23,Groovy,2016,3,4271,23
24,Nix,2016,3,4048,27
25,Elixir,2016,3,3922,26
26,DM,2016,3,3870,24
27,Perl,2016,3,3815,25
28,Haskell,2016,3,3680,28
29,PowerShell,2016,3,3131,30
30,Makefile,2016,3,3115,31
31,Erlang,2016,3,3057,29
32,R,2016,3,2447,32
33,OCaml,2016,3,2325,35
34,Dart,2016,3,2174,34
35,Puppet,2016,3,2150,36
36,Julia,2016,3,2134,39
37,Visual Basic,2016,3,2041,33
38,Emacs Lisp,2016,3,2012,37
39,F#,2016,3,1373,40
40,Dockerfile,2016,3,1321,41
41,Vim script,2016,3,1254,42
42,Vue,2016,3,1175,43
43,TeX,2016,3,1151,38
44,SCSS,2016,3,956,45
45,Fortran,2016,3,786,49
46,Objective-C++,2016,3,742,52
47,Haxe,2016,3,735,51
48,TSQL,2016,3,718,47
49,YAML,2016,3,677,44
50,CMake,2016,3,635,46
51,Elm,2016,3,607,48
52,Matlab,2016,3,579,54
53,MATLAB,2016,3,519,55
54,Scheme,2016,3,471,66
55,XSLT,2016,3,469,56
56,PLpgSQL,2016,3,446,58
57,BitBake,2016,3,437,64
58,HCL,2016,3,429,57
59,PureScript,2016,3,428,53
60,Tcl,2016,3,419,75
61,Crystal,2016,3,413,59
62,QML,2016,3,387,65
63,Mustache,2016,3,383,78
64,Common Lisp,2016,3,375,50
65,Gherkin,2016,3,369,60
66,SQF,2016,3,353,69
67,Protocol Buffer,2016,3,333,94
68,D,2016,3,327,63
69,Perl 6,2016,3,307,69
70,Smalltalk,2016,3,306,62
71,Starlark,2016,3,295,99
73,Apex,2016,3,291,76
73,Batchfile,2016,3,291,73
74,GLSL,2016,3,290,70
75,Markdown,2016,3,287,83
76,Roff,2016,3,284,80
78,Arduino,2016,3,268,72
78,RobotFramework,2016,3,268,67
79,Nim,2016,3,263,85
80,SaltStack,2016,3,253,86
82,Vala,2016,3,250,77
82,Visual Basic .NET,2016,3,250,100
83,Pascal,2016,3,249,71
84,mIRC Script,2016,3,243,84
85,Raku,2016,3,235,88
86,Nginx,2016,3,219,104
87,Xtend,2016,3,217,89
88,Stylus,2016,3,216,108
89,SourcePawn,2016,3,215,81
90,ooc,2016,3,211,61
91,Rascal,2016,3,187,98
92,ColdFusion,2016,3,185,79
93,Assembly,2016,3,183,82
94,API Blueprint,2016,3,182,93
95,PLSQL,2016,3,171,92
96,Racket,2016,3,165,106
97,VimL,2016,3,163,87
98,Smarty,2016,3,162,91
99,Rich Text Format,2016,3,152,110
100,WebAssembly,2016,3,151,74
101,Jinja,2016,3,150,101
103,Jsonnet,2016,3,147,90
103,ApacheConf,2016,3,147,96
104,Standard ML,2016,3,134,95
105,DIGITAL Command Language,2016,3,133,136
107,Common Workflow Language,2016,3,130,137
107,Cuda,2016,3,130,102
108,ASP,2016,3,129,115
109,FORTRAN,2016,3,113,143
110,YARA,2016,3,110,124
111,ActionScript,2016,3,108,109
112,XQuery,2016,3,107,148
113,M4,2016,3,105,125
114,Eagle,2016,3,104,107
1,JavaScript,2016,4,381082,1
2,Python,2016,4,205626,2
3,Java,2016,4,146732,3
4,PHP,2016,4,102718,5
5,Ruby,2016,4,100313,4
6,Go,2016,4,83963,6
7,C++,2016,4,70054,7
8,HTML,2016,4,62026,8
9,TypeScript,2016,4,60006,9
10,C#,2016,4,45681,10
11,C,2016,4,38772,11
12,Shell,2016,4,32824,12
13,CSS,2016,4,28675,13
14,Swift,2016,4,22300,15
15,Scala,2016,4,22250,14
16,Objective-C,2016,4,12246,16
17,Rust,2016,4,8229,17
18,CoffeeScript,2016,4,7360,18
19,Jupyter Notebook,2016,4,7016,19
20,Lua,2016,4,6627,20
21,Kotlin,2016,4,5814,21
22,Clojure,2016,4,4895,22
23,Elixir,2016,4,4545,26
24,Perl,2016,4,4317,25
25,Groovy,2016,4,4313,23
26,Nix,2016,4,3878,27
27,DM,2016,4,3575,24
28,Haskell,2016,4,3376,28
29,PowerShell,2016,4,3363,30
30,Erlang,2016,4,3269,29
31,Dart,2016,4,2864,34
32,Vue,2016,4,2830,43
33,Makefile,2016,4,2798,31
34,OCaml,2016,4,2788,35
35,R,2016,4,2428,32
36,Visual Basic,2016,4,2352,33
37,Puppet,2016,4,2115,36
38,Emacs Lisp,2016,4,1915,37
39,Dockerfile,2016,4,1877,41
40,Vim script,2016,4,1858,42
41,F#,2016,4,1383,40
42,TeX,2016,4,1370,38
43,Julia,2016,4,1216,39
44,Elm,2016,4,1125,48
45,CMake,2016,4,1059,46
46,SCSS,2016,4,1023,45
47,PureScript,2016,4,848,53
48,YAML,2016,4,740,44
49,Matlab,2016,4,738,54
50,MATLAB,2016,4,720,55
51,TSQL,2016,4,699,47
52,HCL,2016,4,692,57
53,Fortran,2016,4,651,49
54,PLpgSQL,2016,4,648,58
55,Objective-C++,2016,4,643,52
56,Perl6,2016,4,624,97
57,Gherkin,2016,4,600,60
58,Crystal,2016,4,572,59
59,BitBake,2016,4,531,64
60,Haxe,2016,4,525,51
61,Common Lisp,2016,4,493,50
62,XSLT,2016,4,482,56
63,Visual Basic .NET,2016,4,425,100
64,RobotFramework,2016,4,422,67
65,SQF,2016,4,408,69
66,Pascal,2016,4,401,71
67,Prolog,2016,4,382,103
68,Arduino,2016,4,368,72
69,Perl 6,2016,4,366,69
70,Smalltalk,2016,4,364,62
71,QML,2016,4,358,65
72,Smarty,2016,4,340,91
73,D,2016,4,331,63
75,Batchfile,2016,4,325,73
75,Xtend,2016,4,325,89
76,GLSL,2016,4,288,70
77,ooc,2016,4,285,61
78,Mustache,2016,4,282,78
79,mIRC Script,2016,4,279,84
80,Assembly,2016,4,270,82
81,LLVM,2016,4,267,116
82,SourcePawn,2016,4,265,81
83,Raku,2016,4,260,88
84,Apex,2016,4,259,76
85,Scheme,2016,4,258,66
86,SQLPL,2016,4,253,105
87,VHDL,2016,4,252,119
88,Roff,2016,4,247,80
89,Vala,2016,4,246,77
90,WebAssembly,2016,4,231,74
91,Coq,2016,4,223,123
92,ColdFusion,2016,4,221,79
93,SaltStack,2016,4,220,86
94,VimL,2016,4,210,87
95,ApacheConf,2016,4,204,96
96,Cuda,2016,4,203,102
97,Jinja,2016,4,202,101
98,PLSQL,2016,4,199,92
99,Eagle,2016,4,194,107
100,Standard ML,2016,4,193,95
102,Starlark,2016,4,191,99
102,Jsonnet,2016,4,191,90
103,1C Enterprise,2016,4,178,127
104,Nim,2016,4,171,85
105,Rich Text Format,2016,4,168,110
106,Nginx,2016,4,166,104
107,OpenEdge ABL,2016,4,163,128
108,Rascal,2016,4,161,98
109,Stylus,2016,4,142,108
110,AGS Script,2016,4,139,134
111,Pug,2016,4,138,135
112,Racket,2016,4,133,106
113,API Blueprint,2016,4,131,93
114,ABAP,2016,4,123,140
115,Processing,2016,4,120,112
116,Tcl,2016,4,119,75
118,Eiffel,2016,4,118,120
118,GCC Machine Description,2016,4,118,122
119,FreeMarker,2016,4,115,141
120,M4,2016,4,114,125
121,KiCad,2016,4,112,144
122,AutoHotkey,2016,4,108,146
123,LiveScript,2016,4,105,121
124,Pan,2016,4,102,149
1,JavaScript,2017,1,397530,1
2,Python,2017,1,240232,2
3,Java,2017,1,158813,3
4,PHP,2017,1,113779,4
5,Ruby,2017,1,110629,5
6,Go,2017,1,93281,6
7,C++,2017,1,78129,7
8,TypeScript,2017,1,75170,8
9,HTML,2017,1,64540,9
10,C#,2017,1,54073,10
11,C,2017,1,39191,11
12,Shell,2017,1,35901,12
13,CSS,2017,1,30705,13
14,Scala,2017,1,24332,15
15,Swift,2017,1,23880,14
16,Objective-C,2017,1,11755,18
17,Rust,2017,1,11336,16
18,Jupyter Notebook,2017,1,9440,17
19,Lua,2017,1,8950,21
20,Kotlin,2017,1,7792,19
21,CoffeeScript,2017,1,6523,26
22,DM,2017,1,6359,20
23,Elixir,2017,1,6164,22
24,Clojure,2017,1,5519,24
25,Groovy,2017,1,5463,23
26,Perl,2017,1,4789,29
27,Nix,2017,1,4727,25
28,PowerShell,2017,1,4349,30
29,Haskell,2017,1,4076,27
30,Dart,2017,1,3862,31
31,Erlang,2017,1,3313,34
32,Makefile,2017,1,3199,33
33,R,2017,1,3162,32
34,Vue,2017,1,3056,28
35,OCaml,2017,1,2754,35
36,Vim script,2017,1,2615,36
37,Visual Basic,2017,1,2596,42
38,TeX,2017,1,2208,41
39,Dockerfile,2017,1,2026,38
40,Emacs Lisp,2017,1,1969,37
41,Puppet,2017,1,1961,40
42,Julia,2017,1,1919,43
43,F#,2017,1,1385,44
44,Fortran,2017,1,1177,48
45,MATLAB,2017,1,1164,45
46,SCSS,2017,1,1021,51
47,Elm,2017,1,997,49
48,Objective-C++,2017,1,986,62
49,HCL,2017,1,915,39
50,TSQL,2017,1,909,50
51,PureScript,2017,1,875,55
52,CMake,2017,1,815,47
53,Gherkin,2017,1,789,52
54,XSLT,2017,1,757,60
55,Smarty,2017,1,729,56
56,Pascal,2017,1,698,68
57,Crystal,2017,1,697,54
58,PLpgSQL,2017,1,630,53
59,Roff,2017,1,549,63
60,Matlab,2017,1,516,61
61,BitBake,2017,1,515,57
62,Haxe,2017,1,489,64
63,Arduino,2017,1,459,71
64,D,2017,1,437,66
65,Common Lisp,2017,1,422,59
66,Visual Basic .NET,2017,1,415,46
67,YAML,2017,1,399,69
68,GLSL,2017,1,377,86
69,RobotFramework,2017,1,373,87
70,Smalltalk,2017,1,357,67
71,Mustache,2017,1,341,72
72,Vala,2017,1,335,58
73,QML,2017,1,326,76
74,Apex,2017,1,314,74
75,PLSQL,2017,1,308,83
76,SaltStack,2017,1,305,78
77,Assembly,2017,1,296,77
79,Jsonnet,2017,1,284,108
79,SourcePawn,2017,1,284,82
80,Batchfile,2017,1,270,81
81,SQF,2017,1,263,79
82,Starlark,2017,1,254,65
83,Scheme,2017,1,246,85
84,Jinja,2017,1,244,88
85,Ada,2017,1,240,117
86,ASP,2017,1,237,106
87,Raku,2017,1,229,90
88,Nim,2017,1,226,80
89,Perl6,2017,1,224,93
90,ABAP,2017,1,222,97
91,Xtend,2017,1,212,100
92,Markdown,2017,1,210,101
93,Perl 6,2017,1,205,73
94,PostScript,2017,1,194,96
95,Standard ML,2017,1,186,89
96,Prolog,2017,1,185,122
97,AutoIt,2017,1,182,114
98,ColdFusion,2017,1,168,99
99,Cuda,2017,1,166,115
100,FreeMarker,2017,1,165,70
101,Web Ontology Language,2017,1,164,124
102,Stylus,2017,1,163,99
103,Protocol Buffer,2017,1,162,105
104,AutoHotkey,2017,1,156,111
105,Racket,2017,1,154,92
106,Rich Text Format,2017,1,153,112
108,Rascal,2017,1,150,116
108,WebAssembly,2017,1,150,91
109,Groff,2017,1,146,126
110,API Blueprint,2017,1,137,129
111,Tcl,2017,1,133,102
112,Processing,2017,1,127,109
113,KiCad,2017,1,122,130
114,Common Workflow Language,2017,1,120,95
115,mIRC Script,2017,1,119,75
117,Component Pascal,2017,1,113,140
117,Eagle,2017,1,113,140
118,M4,2017,1,112,94
119,OpenSCAD,2017,1,108,119
121,SQLPL,2017,1,101,143
121,SWIG,2017,1,101,103
122,Coq,2017,1,100,120
1,JavaScript,2017,2,388477,1
2,Python,2017,2,251826,2
3,Java,2017,2,157408,3
4,Ruby,2017,2,108130,5
5,PHP,2017,2,105055,4
6,Go,2017,2,99153,6
7,C++,2017,2,83233,7
8,TypeScript,2017,2,81956,8
9,HTML,2017,2,64912,9
10,C#,2017,2,53596,10
11,C,2017,2,38042,11
12,CSS,2017,2,35449,13
13,Shell,2017,2,34568,12
14,Scala,2017,2,23711,15
15,Swift,2017,2,22266,14
16,Rust,2017,2,12682,16
17,DM,2017,2,11293,20
18,Objective-C,2017,2,11285,18
19,Jupyter Notebook,2017,2,10612,17
20,Kotlin,2017,2,9434,19
21,Lua,2017,2,6732,21
22,Groovy,2017,2,5475,23
23,Elixir,2017,2,5443,22
24,Clojure,2017,2,5122,24
25,CoffeeScript,2017,2,5056,26
26,Haskell,2017,2,4428,27
27,Nix,2017,2,4187,25
28,Dart,2017,2,4044,31
29,Perl,2017,2,3992,29
30,R,2017,2,3850,32
31,PowerShell,2017,2,3837,30
32,Vue,2017,2,3248,28
33,Makefile,2017,2,2917,33
34,OCaml,2017,2,2829,35
35,Erlang,2017,2,2796,34
36,HCL,2017,2,2481,39
37,Visual Basic,2017,2,2433,42
38,Emacs Lisp,2017,2,2413,37
39,Vim script,2017,2,2329,36
40,Dockerfile,2017,2,2120,38
41,Julia,2017,2,2016,43
42,TeX,2017,2,1929,41
43,Puppet,2017,2,1786,40
44,F#,2017,2,1531,44
45,MATLAB,2017,2,1427,45
46,Visual Basic .NET,2017,2,1328,46
47,CMake,2017,2,1073,47
48,Elm,2017,2,1058,49
49,PureScript,2017,2,1029,55
50,PLpgSQL,2017,2,927,53
51,Fortran,2017,2,900,48
52,SCSS,2017,2,784,51
53,Crystal,2017,2,761,54
54,Matlab,2017,2,716,61
55,Vala,2017,2,694,58
56,Perl 6,2017,2,690,73
57,BitBake,2017,2,654,57
58,Haxe,2017,2,641,64
59,Objective-C++,2017,2,626,62
60,Smarty,2017,2,622,56
61,Gherkin,2017,2,587,52
62,XSLT,2017,2,550,60
63,TSQL,2017,2,549,50
64,Perl6,2017,2,541,93
65,Common Lisp,2017,2,529,59
66,D,2017,2,522,66
67,FreeMarker,2017,2,518,70
68,YAML,2017,2,500,69
69,Starlark,2017,2,468,65
70,Arduino,2017,2,465,71
71,Mustache,2017,2,441,72
72,QML,2017,2,438,76
73,mIRC Script,2017,2,433,75
74,Smalltalk,2017,2,421,67
75,SaltStack,2017,2,420,78
76,SQF,2017,2,396,79
77,Roff,2017,2,389,63
78,Assembly,2017,2,374,77
79,Jinja,2017,2,362,88
80,Scheme,2017,2,339,85
81,Pascal,2017,2,315,68
82,Apex,2017,2,314,74
83,Nim,2017,2,291,80
84,PLSQL,2017,2,286,83
85,GLSL,2017,2,268,86
86,Batchfile,2017,2,266,81
87,WebAssembly,2017,2,257,91
88,Standard ML,2017,2,246,89
89,M4,2017,2,222,94
90,Uno,2017,2,208,84
91,Markdown,2017,2,204,101
92,Common Workflow Language,2017,2,200,95
94,ASP,2017,2,198,106
94,Raku,2017,2,198,90
95,SourcePawn,2017,2,196,82
96,Rich Text Format,2017,2,187,112
97,Processing,2017,2,178,109
98,SWIG,2017,2,173,103
99,JSON,2017,2,171,104
100,Racket,2017,2,154,92
101,Protocol Buffer,2017,2,149,105
102,RobotFramework,2017,2,148,87
103,Xtend,2017,2,138,100
104,ApacheConf,2017,2,137,129
105,Mathematica,2017,2,136,110
106,PostScript,2017,2,133,96
107,Stylus,2017,2,126,99
108,ColdFusion,2017,2,125,99
109,LabVIEW,2017,2,121,118
111,Cuda,2017,2,118,115
111,Rascal,2017,2,118,116
113,ABAP,2017,2,117,97
113,OpenSCAD,2017,2,117,119
114,Verilog,2017,2,115,136
115,F*,2017,2,109,121
116,AutoIt,2017,2,103,114
117,YARA,2017,2,102,141
118,ActionScript,2017,2,101,143
1,JavaScript,2017,3,356997,1
2,Python,2017,3,243854,2
3,Java,2017,3,140631,3
4,Go,2017,3,104538,6
5,PHP,2017,3,100471,4
6,Ruby,2017,3,97963,5
7,C++,2017,3,83317,7
8,TypeScript,2017,3,82460,8
9,HTML,2017,3,56455,9
10,C#,2017,3,51805,10
11,C,2017,3,37604,11
12,Shell,2017,3,34510,12
13,CSS,2017,3,29659,13
14,Scala,2017,3,22190,15
15,Swift,2017,3,21781,14
16,Rust,2017,3,11861,16
17,Kotlin,2017,3,11063,19
18,Jupyter Notebook,2017,3,10160,17
19,Objective-C,2017,3,10067,18
20,DM,2017,3,9295,20
21,Elixir,2017,3,6293,22
22,Groovy,2017,3,5774,23
23,Lua,2017,3,5745,21
24,Vue,2017,3,5424,28
25,Haskell,2017,3,5233,27
26,Nix,2017,3,5010,25
27,Clojure,2017,3,4556,24
28,R,2017,3,4183,32
29,Perl,2017,3,3904,29
30,PowerShell,2017,3,3829,30
31,Makefile,2017,3,3803,33
32,CoffeeScript,2017,3,3677,26
33,Dart,2017,3,3126,31
34,HCL,2017,3,2798,39
35,Erlang,2017,3,2687,34
36,OCaml,2017,3,2173,35
37,Emacs Lisp,2017,3,2141,37
38,Puppet,2017,3,2095,40
39,Dockerfile,2017,3,2029,38
40,Vim script,2017,3,2013,36
41,F#,2017,3,1507,44
42,Visual Basic .NET,2017,3,1358,46
43,Julia,2017,3,1332,43
44,MATLAB,2017,3,1296,45
45,TeX,2017,3,1275,41
46,Gherkin,2017,3,1138,52
47,CMake,2017,3,1115,47
48,Elm,2017,3,965,49
49,Common Lisp,2017,3,917,59
50,Visual Basic,2017,3,841,42
51,Fortran,2017,3,819,48
52,PLpgSQL,2017,3,801,53
53,TSQL,2017,3,762,50
54,Vala,2017,3,719,58
55,SCSS,2017,3,718,51
56,BitBake,2017,3,677,57
57,FreeMarker,2017,3,645,70
58,Crystal,2017,3,631,54
59,PureScript,2017,3,629,55
60,Smarty,2017,3,597,56
61,Smalltalk,2017,3,560,67
63,Starlark,2017,3,536,65
63,Matlab,2017,3,536,61
64,XSLT,2017,3,520,60
65,D,2017,3,451,66
66,Apex,2017,3,444,74
67,mIRC Script,2017,3,442,75
69,Roff,2017,3,425,63
69,Uno,2017,3,425,84
70,YAML,2017,3,423,69
71,Mustache,2017,3,407,72
72,SaltStack,2017,3,404,78
73,Haxe,2017,3,397,64
74,Arduino,2017,3,390,71
75,Pascal,2017,3,389,68
76,Assembly,2017,3,358,77
77,Nim,2017,3,357,80
78,Perl 6,2017,3,345,73
79,Racket,2017,3,344,92
80,QML,2017,3,336,76
81,SourcePawn,2017,3,304,82
82,Batchfile,2017,3,298,81
83,Raku,2017,3,253,90
84,Scheme,2017,3,250,85
85,SQF,2017,3,243,79
86,DIGITAL Command Language,2017,3,239,107
87,PLSQL,2017,3,238,83
88,WebAssembly,2017,3,229,91
89,Standard ML,2017,3,224,89
90,Xtend,2017,3,217,100
91,PostScript,2017,3,201,96
92,Common Workflow Language,2017,3,198,95
93,Tcl,2017,3,189,102
94,Jinja,2017,3,183,88
95,JSON,2017,3,179,104
96,GDScript,2017,3,170,113
97,Meson,2017,3,167,123
98,ABAP,2017,3,164,97
99,RobotFramework,2017,3,162,87
100,M4,2017,3,161,94
101,Mathematica,2017,3,159,110
102,1C Enterprise,2017,3,151,125
103,Protocol Buffer,2017,3,147,105
104,Stylus,2017,3,145,99
105,GLSL,2017,3,144,86
106,Objective-C++,2017,3,136,62
107,AutoHotkey,2017,3,119,111
108,PureBasic,2017,3,116,134
109,NSIS,2017,3,115,136
111,LabVIEW,2017,3,114,118
111,Nunjucks,2017,3,114,138
112,SWIG,2017,3,112,103
113,Processing,2017,3,110,109
114,ColdFusion,2017,3,103,99
115,F*,2017,3,100,121
1,JavaScript,2017,4,334136,1
2,Python,2017,4,234553,2
3,Java,2017,4,143953,3
4,Go,2017,4,99571,6
5,PHP,2017,4,98388,4
6,Ruby,2017,4,93062,5
7,TypeScript,2017,4,90442,8
8,C++,2017,4,90097,7
9,HTML,2017,4,62609,9
10,C#,2017,4,50023,10
11,C,2017,4,38852,11
12,Shell,2017,4,29172,12
13,CSS,2017,4,25131,13
14,Swift,2017,4,21601,14
15,Scala,2017,4,19270,15
16,Jupyter Notebook,2017,4,13497,17
17,Kotlin,2017,4,12153,19
18,DM,2017,4,11068,20
19,Rust,2017,4,10887,16
20,Objective-C,2017,4,9382,18
21,Groovy,2017,4,6354,23
22,Vue,2017,4,5803,28
23,Elixir,2017,4,5396,22
24,Nix,2017,4,5366,25
25,Lua,2017,4,5163,21
26,Clojure,2017,4,4708,24
27,Haskell,2017,4,4293,27
28,Perl,2017,4,3962,29
29,PowerShell,2017,4,3607,30
30,CoffeeScript,2017,4,3499,26
31,Dart,2017,4,3382,31
32,Makefile,2017,4,3050,33
33,Erlang,2017,4,2909,34
34,R,2017,4,2857,32
35,OCaml,2017,4,2577,35
36,Emacs Lisp,2017,4,2521,37
37,Dockerfile,2017,4,2466,38
38,Vim script,2017,4,2224,36
39,HCL,2017,4,2190,39
40,Puppet,2017,4,1560,40
41,Visual Basic .NET,2017,4,1512,46
42,TSQL,2017,4,1383,50
43,TeX,2017,4,1346,41
44,MATLAB,2017,4,1219,45
45,F#,2017,4,1168,44
46,Julia,2017,4,1094,43
47,Crystal,2017,4,1020,54
48,CMake,2017,4,998,47
49,Fortran,2017,4,908,48
50,SCSS,2017,4,849,51
51,PLpgSQL,2017,4,804,53
52,Elm,2017,4,768,49
53,Smarty,2017,4,727,56
54,Gherkin,2017,4,688,52
55,Visual Basic,2017,4,581,42
56,Vala,2017,4,563,58
57,Roff,2017,4,527,63
58,Starlark,2017,4,511,65
59,BitBake,2017,4,508,57
60,PureScript,2017,4,428,55
61,Common Lisp,2017,4,421,59
62,XSLT,2017,4,420,60
63,Smalltalk,2017,4,416,67
64,mIRC Script,2017,4,408,75
65,Uno,2017,4,403,84
66,YAML,2017,4,400,69
67,SQF,2017,4,393,79
68,FreeMarker,2017,4,373,70
69,Haxe,2017,4,356,64
70,D,2017,4,355,66
72,Assembly,2017,4,345,77
72,Pascal,2017,4,345,68
73,Apex,2017,4,339,74
74,Nim,2017,4,334,80
75,Matlab,2017,4,329,61
76,SourcePawn,2017,4,307,82
77,Mustache,2017,4,286,72
78,QML,2017,4,284,76
79,Arduino,2017,4,282,71
81,RobotFramework,2017,4,262,87
81,Batchfile,2017,4,262,81
82,Standard ML,2017,4,237,89
83,GLSL,2017,4,235,86
84,M4,2017,4,232,94
85,SaltStack,2017,4,225,78
86,Perl 6,2017,4,221,73
87,PLSQL,2017,4,213,83
88,Tcl,2017,4,202,102
89,WebAssembly,2017,4,201,91
90,Scheme,2017,4,198,85
91,ColdFusion,2017,4,197,99
92,DIGITAL Command Language,2017,4,189,107
93,Raku,2017,4,179,90
94,Common Workflow Language,2017,4,173,95
95,ABAP,2017,4,166,97
96,Stylus,2017,4,159,99
97,Jinja,2017,4,155,88
98,GDScript,2017,4,152,113
99,Markdown,2017,4,151,101
100,JSON,2017,4,149,104
101,PostScript,2017,4,146,96
103,Objective-C++,2017,4,144,62
103,VHDL,2017,4,144,127
104,Jsonnet,2017,4,136,108
105,Racket,2017,4,133,92
106,Coq,2017,4,124,120
107,LLVM,2017,4,120,131
109,Eiffel,2017,4,119,133
109,COBOL,2017,4,119,133
110,SWIG,2017,4,116,103
111,UnrealScript,2017,4,114,138
112,AutoHotkey,2017,4,113,111
113,Mathematica,2017,4,101,110
1,JavaScript,2018,1,265358,1
2,Python,2018,1,210832,2
3,Java,2018,1,117154,3
4,Go,2018,1,94520,4
5,Ruby,2018,1,84753,7
6,TypeScript,2018,1,84658,5
7,C++,2018,1,80650,6
8,PHP,2018,1,77555,8
9,C#,2018,1,41924,9
10,HTML,2018,1,37299,10
11,C,2018,1,34548,11
12,Shell,2018,1,28330,12
13,Scala,2018,1,17933,13
14,Swift,2018,1,15788,14
15,CSS,2018,1,14715,15
16,DM,2018,1,10318,20
17,Kotlin,2018,1,9521,16
18,Rust,2018,1,9340,18
19,Jupyter Notebook,2018,1,8600,19
20,Nix,2018,1,8387,17
21,Objective-C,2018,1,6847,21
22,Groovy,2018,1,5486,22
23,Vue,2018,1,4889,26
24,Dart,2018,1,4322,23
25,Elixir,2018,1,3974,24
26,Clojure,2018,1,3970,25
27,Lua,2018,1,3832,27
28,Haskell,2018,1,3819,28
29,Perl,2018,1,3186,29
30,Makefile,2018,1,3147,30
31,PowerShell,2018,1,3038,31
32,R,2018,1,2878,36
33,Dockerfile,2018,1,2669,34
34,Erlang,2018,1,2535,32
35,CoffeeScript,2018,1,2528,33
36,Emacs Lisp,2018,1,2487,37
37,OCaml,2018,1,2263,35
38,HCL,2018,1,1834,40
39,Vim script,2018,1,1714,38
40,F#,2018,1,1608,43
41,Puppet,2018,1,1486,39
42,TSQL,2018,1,1079,41
43,SCSS,2018,1,1020,42
44,MATLAB,2018,1,965,47
45,Julia,2018,1,924,44
46,Crystal,2018,1,910,51
47,PLpgSQL,2018,1,881,48
48,CMake,2018,1,785,53
49,Fortran,2018,1,743,49
50,Gherkin,2018,1,713,59
51,Elm,2018,1,685,61
52,FreeMarker,2018,1,677,52
53,BitBake,2018,1,662,57
54,Jsonnet,2018,1,661,45
55,TeX,2018,1,613,55
56,Visual Basic .NET,2018,1,569,50
57,mIRC Script,2018,1,563,58
58,Starlark,2018,1,558,46
59,Vala,2018,1,540,56
60,YAML,2018,1,520,71
61,XSLT,2018,1,476,60
62,Roff,2018,1,416,67
63,Assembly,2018,1,400,73
64,QML,2018,1,391,77
65,Haxe,2018,1,359,69
66,Smarty,2018,1,358,65
67,Common Lisp,2018,1,352,70
68,D,2018,1,345,78
69,Smalltalk,2018,1,335,62
70,Visual Basic,2018,1,325,81
71,Jinja,2018,1,322,68
72,Mustache,2018,1,320,74
73,Apex,2018,1,311,54
74,PureScript,2018,1,291,66
75,Uno,2018,1,286,99
76,ABAP,2018,1,268,63
77,Standard ML,2018,1,257,102
78,GLSL,2018,1,243,82
79,Coq,2018,1,220,80
80,Scheme,2018,1,215,72
81,WebAssembly,2018,1,214,83
82,RobotFramework,2018,1,196,76
84,Rich Text Format,2018,1,188,98
84,Objective-C++,2018,1,188,95
86,Raku,2018,1,184,90
86,PLSQL,2018,1,184,79
87,Nim,2018,1,172,86
88,Stylus,2018,1,171,93
89,SaltStack,2018,1,170,85
90,Pascal,2018,1,168,87
92,JSON,2018,1,163,109
92,SourcePawn,2018,1,163,88
93,ColdFusion,2018,1,161,101
94,M4,2018,1,150,91
96,SQF,2018,1,143,104
96,SWIG,2018,1,143,96
97,Matlab,2018,1,140,103
98,Perl 6,2018,1,138,75
99,GDScript,2018,1,134,111
100,Common Workflow Language,2018,1,131,112
101,Batchfile,2018,1,124,84
102,Meson,2018,1,123,100
103,Markdown,2018,1,120,92
104,Eiffel,2018,1,112,113
1,JavaScript,2018,2,202755,1
2,Python,2018,2,176307,2
3,Java,2018,2,94255,3
4,Go,2018,2,79150,4
5,C++,2018,2,70421,6
6,TypeScript,2018,2,69872,5
7,Ruby,2018,2,66414,7
8,PHP,2018,2,57773,8
9,C#,2018,2,33633,9
10,HTML,2018,2,31250,10
11,C,2018,2,30412,11
12,Shell,2018,2,21643,12
13,Scala,2018,2,14229,13
14,Swift,2018,2,12970,14
15,CSS,2018,2,9598,15
16,Kotlin,2018,2,7852,16
17,Nix,2018,2,7364,17
18,Rust,2018,2,7331,18
19,Jupyter Notebook,2018,2,6681,19
20,Objective-C,2018,2,6021,21
21,DM,2018,2,5288,20
22,Groovy,2018,2,4886,22
23,Dart,2018,2,4385,23
24,Elixir,2018,2,3703,24
25,Clojure,2018,2,3576,25
26,Vue,2018,2,3545,26
27,Lua,2018,2,3318,27
28,Haskell,2018,2,3150,28
29,PowerShell,2018,2,2735,31
30,Perl,2018,2,2709,29
31,Erlang,2018,2,2474,32
32,Makefile,2018,2,2392,30
33,OCaml,2018,2,2062,35
34,Dockerfile,2018,2,2013,34
35,CoffeeScript,2018,2,1878,33
36,Emacs Lisp,2018,2,1759,37
37,R,2018,2,1735,36
38,Vim script,2018,2,1354,38
39,Mathematica,2018,2,1336,64
40,TSQL,2018,2,983,41
41,Puppet,2018,2,956,39
42,Jsonnet,2018,2,948,45
43,HCL,2018,2,911,40
44,MATLAB,2018,2,905,47
45,Visual Basic .NET,2018,2,860,50
46,Fortran,2018,2,850,49
47,PLpgSQL,2018,2,742,48
48,SCSS,2018,2,722,42
49,Starlark,2018,2,685,46
50,Julia,2018,2,664,44
51,Apex,2018,2,638,54
52,F#,2018,2,634,43
53,PureScript,2018,2,599,66
54,FreeMarker,2018,2,598,52
55,Crystal,2018,2,595,51
56,Vala,2018,2,551,56
57,CMake,2018,2,531,53
58,Scheme,2018,2,509,72
59,TeX,2018,2,497,55
60,XSLT,2018,2,488,60
61,BitBake,2018,2,453,57
62,Gherkin,2018,2,427,59
63,mIRC Script,2018,2,420,58
64,Elm,2018,2,381,61
66,Haxe,2018,2,337,69
66,Smalltalk,2018,2,337,62
67,Smarty,2018,2,295,65
68,Jinja,2018,2,277,68
69,YAML,2018,2,270,71
70,ABAP,2018,2,251,63
71,Common Lisp,2018,2,247,70
72,Objective-C++,2018,2,245,95
73,Racket,2018,2,229,94
74,Mustache,2018,2,224,74
75,Roff,2018,2,223,67
76,QML,2018,2,207,77
77,PLSQL,2018,2,206,79
78,Perl 6,2018,2,205,75
79,SaltStack,2018,2,194,85
80,SourcePawn,2018,2,189,88
81,Assembly,2018,2,183,73
82,Pascal,2018,2,182,87
83,GLSL,2018,2,181,82
84,Objective-J,2018,2,180,107
85,Raku,2018,2,164,90
86,RobotFramework,2018,2,162,76
87,PostScript,2018,2,154,110
88,Nim,2018,2,152,86
89,D,2018,2,149,78
90,WebAssembly,2018,2,146,83
91,Meson,2018,2,145,100
92,Twig,2018,2,140,97
93,Nunjucks,2018,2,137,89
94,Markdown,2018,2,132,92
95,Stylus,2018,2,128,93
96,Rich Text Format,2018,2,126,98
97,Batchfile,2018,2,125,84
99,Coq,2018,2,122,80
99,LLVM,2018,2,122,105
100,Matlab,2018,2,116,103
101,Visual Basic,2018,2,107,81
102,M4,2018,2,106,91
104,ColdFusion,2018,2,103,101
104,SQF,2018,2,103,104
1,JavaScript,2018,3,182227,1
2,Python,2018,3,178331,2
3,Java,2018,3,92773,3
4,Go,2018,3,81798,4
5,C++,2018,3,69797,6
6,TypeScript,2018,3,69227,5
7,Ruby,2018,3,61933,7
8,PHP,2018,3,54800,8
9,C#,2018,3,34080,9
10,HTML,2018,3,28591,10
11,C,2018,3,27791,11
12,Shell,2018,3,21703,12
13,Scala,2018,3,14125,13
14,Swift,2018,3,12873,14
15,CSS,2018,3,9907,15
16,Kotlin,2018,3,9035,16
17,Nix,2018,3,7418,17
18,Rust,2018,3,7066,18
19,Jupyter Notebook,2018,3,6507,19
20,Objective-C,2018,3,5780,21
21,DM,2018,3,4933,20
22,Groovy,2018,3,4825,22
23,Dart,2018,3,4581,23
24,Elixir,2018,3,3832,24
25,Clojure,2018,3,3489,25
26,Lua,2018,3,3228,27
27,Haskell,2018,3,2870,28
28,Perl,2018,3,2833,29
29,Vue,2018,3,2772,26
30,Makefile,2018,3,2547,30
31,Erlang,2018,3,2373,32
32,CoffeeScript,2018,3,2295,33
33,PowerShell,2018,3,2078,31
34,OCaml,2018,3,2065,35
35,Dockerfile,2018,3,1893,34
36,R,2018,3,1702,36
37,Emacs Lisp,2018,3,1518,37
38,Vim script,2018,3,1510,38
39,Puppet,2018,3,1260,39
40,Julia,2018,3,1067,44
41,SCSS,2018,3,930,42
42,Starlark,2018,3,924,46
43,TSQL,2018,3,873,41
44,PLpgSQL,2018,3,870,48
45,Jsonnet,2018,3,812,45
46,HCL,2018,3,775,40
47,F#,2018,3,720,43
48,MATLAB,2018,3,660,47
49,Visual Basic .NET,2018,3,624,50
50,Fortran,2018,3,621,49
51,Apex,2018,3,577,54
52,FreeMarker,2018,3,575,52
53,ABAP,2018,3,530,63
54,XSLT,2018,3,500,60
55,RobotFramework,2018,3,491,76
56,TeX,2018,3,459,55
57,Smalltalk,2018,3,450,62
58,Crystal,2018,3,444,51
59,BitBake,2018,3,415,57
60,mIRC Script,2018,3,414,58
61,Smarty,2018,3,409,65
62,CMake,2018,3,406,53
63,Gherkin,2018,3,396,59
64,Common Lisp,2018,3,382,70
65,Vala,2018,3,339,56
66,Elm,2018,3,337,61
67,Perl 6,2018,3,295,75
68,Haxe,2018,3,271,69
69,PureScript,2018,3,230,66
70,PLSQL,2018,3,214,79
72,Assembly,2018,3,213,73
72,Cuda,2018,3,213,106
73,Racket,2018,3,205,94
74,Roff,2018,3,199,67
75,Twig,2018,3,198,97
76,Mustache,2018,3,197,74
77,Nunjucks,2018,3,181,89
79,Markdown,2018,3,174,92
79,Batchfile,2018,3,174,84
80,M4,2018,3,169,91
81,D,2018,3,157,78
82,Nim,2018,3,155,86
83,SourcePawn,2018,3,148,88
84,SaltStack,2018,3,142,85
85,YAML,2018,3,138,71
86,Jinja,2018,3,134,68
87,Scheme,2018,3,133,72
88,Visual Basic,2018,3,130,81
89,Raku,2018,3,126,90
90,SWIG,2018,3,121,96
91,GLSL,2018,3,115,82
92,Pascal,2018,3,109,87
93,Stylus,2018,3,104,93
94,WebAssembly,2018,3,100,83
1,JavaScript,2018,4,176351,1
2,Python,2018,4,174702,2
3,Java,2018,4,91653,3
4,Go,2018,4,79705,4
5,TypeScript,2018,4,70816,5
6,C++,2018,4,65836,6
7,Ruby,2018,4,62976,7
8,PHP,2018,4,57467,8
9,C#,2018,4,34389,9
10,HTML,2018,4,30472,10
11,C,2018,4,29879,11
12,Shell,2018,4,19853,12
13,Scala,2018,4,13381,13
14,Swift,2018,4,11745,14
15,CSS,2018,4,10438,15
16,Kotlin,2018,4,8938,16
17,Nix,2018,4,8651,17
19,Jupyter Notebook,2018,4,6532,19
19,Rust,2018,4,6532,18
20,Elixir,2018,4,4771,24
21,Objective-C,2018,4,4670,21
22,Groovy,2018,4,4468,22
23,Dart,2018,4,3933,23
24,DM,2018,4,3878,20
25,Clojure,2018,4,3382,25
26,Perl,2018,4,3041,29
27,Lua,2018,4,2879,27
28,Makefile,2018,4,2464,30
29,Vue,2018,4,2243,26
30,Haskell,2018,4,2197,28
31,PowerShell,2018,4,2015,31
32,Emacs Lisp,2018,4,1932,37
33,OCaml,2018,4,1893,35
34,Erlang,2018,4,1882,32
35,Dockerfile,2018,4,1808,34
36,CoffeeScript,2018,4,1770,33
37,R,2018,4,1406,36
38,Vim script,2018,4,1366,38
39,Starlark,2018,4,1123,46
40,SCSS,2018,4,1101,42
41,Puppet,2018,4,1003,39
42,Jsonnet,2018,4,949,45
43,TSQL,2018,4,842,41
44,Julia,2018,4,818,44
45,Fortran,2018,4,732,49
46,MATLAB,2018,4,623,47
47,PLpgSQL,2018,4,599,48
48,CMake,2018,4,567,53
49,HCL,2018,4,562,40
51,F#,2018,4,542,43
51,Vala,2018,4,542,56
52,mIRC Script,2018,4,517,58
53,FreeMarker,2018,4,508,52
54,Apex,2018,4,479,54
55,Jinja,2018,4,469,68
56,Crystal,2018,4,436,51
57,Visual Basic .NET,2018,4,433,50
58,TeX,2018,4,422,55
59,Roff,2018,4,397,67
60,BitBake,2018,4,395,57
61,Coq,2018,4,388,80
62,XSLT,2018,4,380,60
63,Gherkin,2018,4,353,59
64,Smalltalk,2018,4,345,62
65,ABAP,2018,4,309,63
66,Nunjucks,2018,4,296,89
67,Smarty,2018,4,248,65
68,Perl 6,2018,4,238,75
69,Batchfile,2018,4,237,84
70,YAML,2018,4,228,71
71,Haxe,2018,4,227,69
72,QML,2018,4,221,77
73,Elm,2018,4,211,61
74,WebAssembly,2018,4,210,83
75,Common Lisp,2018,4,194,70
76,Assembly,2018,4,180,73
77,Mustache,2018,4,178,74
79,Pascal,2018,4,174,87
79,Scheme,2018,4,174,72
80,PureScript,2018,4,165,66
81,DIGITAL Command Language,2018,4,164,108
82,Nim,2018,4,156,86
83,D,2018,4,154,78
84,PLSQL,2018,4,142,79
85,Stylus,2018,4,138,93
86,M4,2018,4,135,91
87,GLSL,2018,4,133,82
88,SaltStack,2018,4,132,85
89,Visual Basic,2018,4,129,81
90,SourcePawn,2018,4,128,88
91,Markdown,2018,4,119,92
92,SWIG,2018,4,113,96
93,Raku,2018,4,102,90
94,LLVM,2018,4,100,105
1,Python,2019,1,192281,2
2,JavaScript,2019,1,186107,1
3,Java,2019,1,105219,3
4,Go,2019,1,91038,4
5,TypeScript,2019,1,80806,5
6,C++,2019,1,76323,6
7,Ruby,2019,1,66036,7
8,PHP,2019,1,58637,8
9,C#,2019,1,39355,9
10,C,2019,1,35383,10
11,HTML,2019,1,30450,11
12,Shell,2019,1,21814,12
13,Scala,2019,1,15125,13
14,Swift,2019,1,11540,14
15,Kotlin,2019,1,10202,15
16,CSS,2019,1,9828,16
17,Nix,2019,1,8675,17
18,Jupyter Notebook,2019,1,7482,19
19,Rust,2019,1,7227,18
20,Dart,2019,1,6020,20
21,Objective-C,2019,1,5112,21
22,Groovy,2019,1,4520,23
23,Elixir,2019,1,4177,22
24,DM,2019,1,3702,24
25,Clojure,2019,1,3073,28
26,Lua,2019,1,3051,30
27,Vue,2019,1,3037,26
28,Perl,2019,1,2831,27
29,Makefile,2019,1,2492,29
30,PowerShell,2019,1,2129,32
31,OCaml,2019,1,2055,31
32,Haskell,2019,1,1838,33
33,Starlark,2019,1,1818,25
34,Emacs Lisp,2019,1,1767,34
35,Dockerfile,2019,1,1752,35
36,R,2019,1,1647,39
37,Vim script,2019,1,1549,38
38,CoffeeScript,2019,1,1417,37
39,Erlang,2019,1,1395,40
40,Jsonnet,2019,1,1318,41
41,Puppet,2019,1,1242,42
42,SCSS,2019,1,1195,36
43,HCL,2019,1,940,43
44,TSQL,2019,1,912,44
45,Julia,2019,1,880,46
46,MATLAB,2019,1,833,47
47,Jinja,2019,1,738,45
48,F#,2019,1,679,49
49,Fortran,2019,1,672,50
50,TeX,2019,1,624,56
51,PLpgSQL,2019,1,550,54
52,Apex,2019,1,525,55
53,CMake,2019,1,520,57
54,Coq,2019,1,471,64
55,Gherkin,2019,1,465,58
56,ABAP,2019,1,455,63
57,Smarty,2019,1,448,48
58,Visual Basic .NET,2019,1,443,59
59,mIRC Script,2019,1,394,61
60,BitBake,2019,1,390,60
61,Vala,2019,1,364,65
62,Lean,2019,1,361,51
63,Roff,2019,1,348,66
64,Smalltalk,2019,1,305,62
65,Crystal,2019,1,298,68
66,XSLT,2019,1,283,71
67,Batchfile,2019,1,255,85
68,Mustache,2019,1,249,75
69,YAML,2019,1,237,52
70,FreeMarker,2019,1,233,69
71,PureScript,2019,1,218,86
72,GLSL,2019,1,186,81
73,Scheme,2019,1,178,84
74,WebAssembly,2019,1,177,70
75,PLSQL,2019,1,176,82
77,Common Lisp,2019,1,172,74
77,Haxe,2019,1,172,76
78,QML,2019,1,169,79
79,Perl 6,2019,1,167,90
80,Elm,2019,1,162,72
81,Nunjucks,2019,1,153,73
82,SWIG,2019,1,145,95
83,Stylus,2019,1,141,67
85,Visual Basic,2019,1,135,97
85,Pascal,2019,1,135,83
86,SaltStack,2019,1,132,78
87,SQF,2019,1,120,93
88,Nim,2019,1,119,89
89,LLVM,2019,1,117,98
90,Rich Text Format,2019,1,116,91
91,Raku,2019,1,115,80
92,Markdown,2019,1,112,100
93,M4,2019,1,105,101
94,Assembly,2019,1,104,77
1,Python,2019,2,194925,2
2,JavaScript,2019,2,192195,1
3,Java,2019,2,109730,3
4,Go,2019,2,92480,4
5,TypeScript,2019,2,83985,5
6,C++,2019,2,77842,6
7,Ruby,2019,2,65185,7
8,PHP,2019,2,58828,8
9,C#,2019,2,41665,9
10,C,2019,2,32583,10
11,HTML,2019,2,28919,11
12,Shell,2019,2,21721,12
13,Scala,2019,2,15849,13
14,Swift,2019,2,12428,14
15,Kotlin,2019,2,10666,15
16,CSS,2019,2,10087,16
17,Nix,2019,2,9312,17
18,Jupyter Notebook,2019,2,8850,19
19,Rust,2019,2,8094,18
20,Dart,2019,2,6923,20
21,Objective-C,2019,2,5573,21
22,Elixir,2019,2,5395,22
23,DM,2019,2,4652,24
24,Groovy,2019,2,4606,23
25,Vue,2019,2,3602,26
26,Starlark,2019,2,3589,25
27,OCaml,2019,2,2981,31
28,Makefile,2019,2,2905,29
29,Clojure,2019,2,2799,28
30,Perl,2019,2,2614,27
31,Lua,2019,2,2517,30
32,PowerShell,2019,2,2034,32
33,Haskell,2019,2,1937,33
34,SCSS,2019,2,1685,36
35,Emacs Lisp,2019,2,1592,34
36,Dockerfile,2019,2,1513,35
37,CoffeeScript,2019,2,1471,37
38,Erlang,2019,2,1399,40
39,Vim script,2019,2,1339,38
40,R,2019,2,1320,39
41,Jsonnet,2019,2,1277,41
42,Puppet,2019,2,1144,42
43,Jinja,2019,2,1091,45
44,TSQL,2019,2,931,44
45,HCL,2019,2,919,43
46,MATLAB,2019,2,750,47
47,Smarty,2019,2,687,48
48,F#,2019,2,607,49
49,Fortran,2019,2,595,50
50,Julia,2019,2,579,46
51,YAML,2019,2,578,52
52,Lean,2019,2,563,51
53,PLpgSQL,2019,2,524,54
54,TeX,2019,2,490,56
55,CMake,2019,2,457,57
56,Smalltalk,2019,2,454,62
57,Apex,2019,2,413,55
58,Visual Basic .NET,2019,2,410,59
59,Gherkin,2019,2,395,58
60,mIRC Script,2019,2,385,61
61,WebAssembly,2019,2,368,70
62,BitBake,2019,2,343,60
63,Crystal,2019,2,313,68
64,Coq,2019,2,300,64
65,Elm,2019,2,289,72
66,Vala,2019,2,270,65
67,FreeMarker,2019,2,269,69
68,XSLT,2019,2,249,71
69,Common Lisp,2019,2,243,74
70,Roff,2019,2,228,66
71,ABAP,2019,2,218,63
72,SourcePawn,2019,2,209,94
73,Raku,2019,2,194,80
75,PLSQL,2019,2,192,82
75,GLSL,2019,2,192,81
76,Stylus,2019,2,189,67
77,Scheme,2019,2,187,84
78,Assembly,2019,2,179,77
79,Mustache,2019,2,175,75
81,QML,2019,2,174,79
81,Nunjucks,2019,2,174,73
82,Haxe,2019,2,173,76
83,PureScript,2019,2,165,86
84,SaltStack,2019,2,163,78
85,Perl 6,2019,2,160,90
86,Visual Basic,2019,2,147,97
87,ColdFusion,2019,2,146,96
88,SQF,2019,2,138,93
89,SystemVerilog,2019,2,137,53
91,Rich Text Format,2019,2,136,91
91,D,2019,2,136,92
92,LLVM,2019,2,135,98
93,Pascal,2019,2,124,83
94,OpenEdge ABL,2019,2,123,103
95,Objective-C++,2019,2,121,87
96,Batchfile,2019,2,115,85
97,M4,2019,2,110,101
99,Nim,2019,2,105,89
99,UnrealScript,2019,2,105,105
100,F*,2019,2,103,106
1,JavaScript,2019,3,200008,1
2,Python,2019,3,183282,2
3,Java,2019,3,106327,3
4,Go,2019,3,94910,4
5,TypeScript,2019,3,83534,5
6,C++,2019,3,75354,6
7,Ruby,2019,3,62378,7
8,PHP,2019,3,55042,8
9,C#,2019,3,37212,9
10,C,2019,3,31865,10
11,HTML,2019,3,25928,11
12,Shell,2019,3,19999,12
13,Scala,2019,3,19017,13
14,Nix,2019,3,10506,17
15,Rust,2019,3,10127,18
16,Kotlin,2019,3,10100,15
17,Swift,2019,3,9717,14
18,CSS,2019,3,8554,16
19,Jupyter Notebook,2019,3,8441,19
20,Dart,2019,3,7893,20
21,Objective-C,2019,3,5558,21
22,Elixir,2019,3,4984,22
23,Starlark,2019,3,4781,25
24,Groovy,2019,3,4455,23
25,DM,2019,3,4277,24
26,Vue,2019,3,3441,26
27,Perl,2019,3,2820,27
28,Clojure,2019,3,2670,28
29,Makefile,2019,3,2659,29
30,Lua,2019,3,2591,30
31,OCaml,2019,3,1992,31
32,Haskell,2019,3,1905,33
33,CoffeeScript,2019,3,1715,37
34,SCSS,2019,3,1712,36
35,PowerShell,2019,3,1690,32
36,Emacs Lisp,2019,3,1605,34
37,Dockerfile,2019,3,1556,35
38,Vim script,2019,3,1331,38
39,R,2019,3,1289,39
40,Erlang,2019,3,1215,40
41,HCL,2019,3,903,43
42,Puppet,2019,3,888,42
43,Jsonnet,2019,3,830,41
44,Julia,2019,3,709,46
45,Smarty,2019,3,671,48
46,Lean,2019,3,633,51
47,SystemVerilog,2019,3,605,53
48,Jinja,2019,3,581,45
49,Fortran,2019,3,538,50
50,YAML,2019,3,516,52
51,Apex,2019,3,512,55
52,MATLAB,2019,3,499,47
53,TSQL,2019,3,487,44
54,Visual Basic .NET,2019,3,473,59
55,F#,2019,3,427,49
56,Smalltalk,2019,3,374,62
57,PLpgSQL,2019,3,367,54
58,Stylus,2019,3,366,67
59,TeX,2019,3,361,56
60,mIRC Script,2019,3,353,61
61,Nunjucks,2019,3,348,73
62,BitBake,2019,3,344,60
63,Gherkin,2019,3,340,58
64,Roff,2019,3,331,66
65,FreeMarker,2019,3,318,69
67,Vala,2019,3,298,65
67,Coq,2019,3,298,64
68,CMake,2019,3,281,57
69,Crystal,2019,3,278,68
70,WebAssembly,2019,3,273,70
71,XSLT,2019,3,265,71
72,Elm,2019,3,263,72
73,ABAP,2019,3,260,63
75,Scheme,2019,3,240,84
75,SaltStack,2019,3,240,78
76,ColdFusion,2019,3,193,96
78,Objective-C++,2019,3,186,87
78,Haxe,2019,3,186,76
79,Mustache,2019,3,178,75
81,Raku,2019,3,168,80
81,Common Lisp,2019,3,168,74
82,PureScript,2019,3,166,86
83,QML,2019,3,152,79
84,SourcePawn,2019,3,150,94
85,GLSL,2019,3,146,81
86,PLSQL,2019,3,139,82
87,Assembly,2019,3,135,77
88,Pascal,2019,3,132,83
89,Rich Text Format,2019,3,128,91
90,Perl 6,2019,3,124,90
91,D,2019,3,119,92
92,Batchfile,2019,3,118,85
93,Genshi,2019,3,117,99
94,Nim,2019,3,116,89
95,Blade,2019,3,107,104
96,SQF,2019,3,105,93
1,JavaScript,2019,4,209556,1
2,Python,2019,4,200425,2
3,Java,2019,4,114364,3
4,Go,2019,4,94630,4
5,TypeScript,2019,4,90379,5
6,Ruby,2019,4,77021,7
7,C++,2019,4,75606,6
8,PHP,2019,4,61066,8
9,C#,2019,4,41040,9
10,HTML,2019,4,32050,11
11,C,2019,4,31651,10
12,Shell,2019,4,20998,12
13,Scala,2019,4,19466,13
14,CSS,2019,4,11537,16
15,Nix,2019,4,11194,17
16,Kotlin,2019,4,10266,15
17,Swift,2019,4,10056,14
18,Rust,2019,4,10031,18
19,Jupyter Notebook,2019,4,8815,19
20,Dart,2019,4,8035,20
21,Starlark,2019,4,7042,25
22,Objective-C,2019,4,5343,21
23,DM,2019,4,4744,24
24,Groovy,2019,4,4329,23
25,Elixir,2019,4,4153,22
26,Vue,2019,4,3636,26
27,Perl,2019,4,3058,27
28,Makefile,2019,4,2727,29
29,Clojure,2019,4,2389,28
30,Lua,2019,4,2288,30
31,Emacs Lisp,2019,4,2153,34
32,OCaml,2019,4,2122,31
33,PowerShell,2019,4,1854,32
34,Haskell,2019,4,1811,33
35,Dockerfile,2019,4,1743,35
36,SCSS,2019,4,1634,36
37,Vim script,2019,4,1581,38
38,CoffeeScript,2019,4,1550,37
39,SystemVerilog,2019,4,1359,53
40,Erlang,2019,4,1348,40
41,HCL,2019,4,1281,43
42,R,2019,4,1230,39
43,Puppet,2019,4,907,42
44,Jsonnet,2019,4,817,41
45,YAML,2019,4,786,52
46,Smarty,2019,4,769,48
47,F#,2019,4,691,49
48,TSQL,2019,4,688,44
49,Julia,2019,4,670,46
50,Lean,2019,4,639,51
51,MATLAB,2019,4,613,47
52,PLpgSQL,2019,4,542,54
53,Fortran,2019,4,527,50
54,ABAP,2019,4,505,63
55,Stylus,2019,4,490,67
56,Jinja,2019,4,482,45
57,BitBake,2019,4,473,60
58,Gherkin,2019,4,472,58
59,JSON,2019,4,460,88
60,Apex,2019,4,428,55
61,CMake,2019,4,416,57
62,mIRC Script,2019,4,406,61
63,TeX,2019,4,391,56
64,FreeMarker,2019,4,342,69
65,Roff,2019,4,341,66
66,Vala,2019,4,329,65
68,Smalltalk,2019,4,310,62
68,WebAssembly,2019,4,310,70
69,Assembly,2019,4,304,77
70,Crystal,2019,4,287,68
71,Visual Basic .NET,2019,4,278,59
72,Elm,2019,4,275,72
73,Common Lisp,2019,4,257,74
74,Coq,2019,4,241,64
75,Haxe,2019,4,227,76
76,Pascal,2019,4,221,83
78,Verilog,2019,4,213,102
78,Nunjucks,2019,4,213,73
79,QML,2019,4,205,79
80,XSLT,2019,4,201,71
81,SWIG,2019,4,197,95
82,Raku,2019,4,194,80
83,Mustache,2019,4,175,75
84,Objective-C++,2019,4,171,87
85,SaltStack,2019,4,166,78
86,GLSL,2019,4,124,81
87,D,2019,4,122,92
88,PLSQL,2019,4,120,82
89,Nim,2019,4,117,89
90,Genshi,2019,4,116,99
91,Markdown,2019,4,110,100
92,Batchfile,2019,4,108,85
1,Python,2020,1,198666,2
2,JavaScript,2020,1,194914,1
3,Java,2020,1,130135,3
4,Go,2020,1,104381,4
5,TypeScript,2020,1,97107,5
6,C++,2020,1,81831,6
7,Ruby,2020,1,77022,7
8,PHP,2020,1,59297,8
9,C#,2020,1,42113,9
10,C,2020,1,33533,10
11,HTML,2020,1,29170,11
12,Shell,2020,1,21398,12
13,Scala,2020,1,20963,13
14,Nix,2020,1,12677,14
15,CSS,2020,1,11298,17
16,Kotlin,2020,1,11267,15
17,Rust,2020,1,11008,16
18,Swift,2020,1,10109,18
19,Jupyter Notebook,2020,1,9633,19
20,Dart,2020,1,7238,20
21,Starlark,2020,1,6709,21
22,DM,2020,1,5458,24
23,Groovy,2020,1,5000,22
24,Objective-C,2020,1,4982,23
25,Elixir,2020,1,4302,25
26,Perl,2020,1,2963,28
27,Vue,2020,1,2579,26
28,Makefile,2020,1,2570,27
29,Lua,2020,1,2424,29
30,Clojure,2020,1,2258,30
31,Emacs Lisp,2020,1,2117,32
32,Haskell,2020,1,1989,34
33,OCaml,2020,1,1934,33
34,PowerShell,2020,1,1909,36
35,SCSS,2020,1,1893,31
36,Vim script,2020,1,1855,37
37,Dockerfile,2020,1,1792,39
38,CoffeeScript,2020,1,1707,40
39,SystemVerilog,2020,1,1586,35
40,HCL,2020,1,1320,41
41,Erlang,2020,1,1293,42
42,Julia,2020,1,1200,44
43,R,2020,1,1066,43
44,Puppet,2020,1,1025,48
45,YAML,2020,1,940,49
46,Lean,2020,1,827,38
47,Jinja,2020,1,775,45
48,Jsonnet,2020,1,764,50
49,Smarty,2020,1,742,46
50,Fortran,2020,1,642,51
51,MATLAB,2020,1,568,52
52,F#,2020,1,521,54
53,TSQL,2020,1,510,61
54,BitBake,2020,1,502,55
55,PLpgSQL,2020,1,495,53
56,CMake,2020,1,422,62
57,Visual Basic .NET,2020,1,414,56
58,Elm,2020,1,401,60
59,TeX,2020,1,389,58
60,Gherkin,2020,1,347,71
61,mIRC Script,2020,1,321,73
62,Vala,2020,1,320,66
63,Stylus,2020,1,306,68
64,JSON,2020,1,299,75
65,WebAssembly,2020,1,281,59
66,ABAP,2020,1,263,69
68,XSLT,2020,1,234,72
68,Coq,2020,1,234,76
69,FreeMarker,2020,1,232,94
70,Verilog,2020,1,227,67
71,Roff,2020,1,224,57
72,Crystal,2020,1,213,74
73,Assembly,2020,1,199,65
74,QML,2020,1,198,82
75,SaltStack,2020,1,196,83
76,Nim,2020,1,190,78
77,Raku,2020,1,189,79
78,Common Lisp,2020,1,188,63
79,Smalltalk,2020,1,184,64
80,GDScript,2020,1,176,96
81,SWIG,2020,1,174,85
82,PLSQL,2020,1,166,80
83,PureScript,2020,1,165,70
84,Haxe,2020,1,125,77
85,UnrealScript,2020,1,123,102
86,CodeQL,2020,1,120,47
87,q,2020,1,114,88
88,GLSL,2020,1,111,81
89,LLVM,2020,1,108,94
90,Markdown,2020,1,102,88
91,SourcePawn,2020,1,101,86
1,JavaScript,2020,2,217497,1
2,Python,2020,2,216155,2
3,Java,2020,2,143342,3
4,Go,2020,2,111569,4
5,TypeScript,2020,2,106263,5
6,C++,2020,2,89203,6
7,Ruby,2020,2,78918,7
8,PHP,2020,2,63502,8
9,C#,2020,2,45316,9
10,C,2020,2,37046,10
11,HTML,2020,2,29581,11
12,Shell,2020,2,25082,12
13,Scala,2020,2,19581,13
14,Nix,2020,2,13743,14
15,Rust,2020,2,12337,16
16,CSS,2020,2,11523,17
17,Kotlin,2020,2,11030,15
18,Swift,2020,2,10213,18
19,Jupyter Notebook,2020,2,9313,19
20,Starlark,2020,2,8068,21
21,Dart,2020,2,7255,20
22,Objective-C,2020,2,5017,23
23,Groovy,2020,2,4903,22
24,Elixir,2020,2,4575,25
25,DM,2020,2,4179,24
26,Vue,2020,2,3402,26
27,Perl,2020,2,2996,28
28,Makefile,2020,2,2794,27
29,Lua,2020,2,2694,29
30,Emacs Lisp,2020,2,2606,32
31,Clojure,2020,2,2420,30
32,Haskell,2020,2,2053,34
33,SCSS,2020,2,2028,31
34,PowerShell,2020,2,1968,36
35,SystemVerilog,2020,2,1897,35
36,OCaml,2020,2,1879,33
37,Vim script,2020,2,1835,37
38,Lean,2020,2,1750,38
39,Dockerfile,2020,2,1721,39
40,HCL,2020,2,1487,41
41,CoffeeScript,2020,2,1379,40
42,Erlang,2020,2,1298,42
43,R,2020,2,1215,43
44,CodeQL,2020,2,1003,47
45,Smarty,2020,2,934,46
46,Julia,2020,2,842,44
47,Jinja,2020,2,839,45
48,YAML,2020,2,833,49
49,Jsonnet,2020,2,728,50
50,Fortran,2020,2,655,51
51,PLpgSQL,2020,2,635,53
52,F#,2020,2,627,54
53,MATLAB,2020,2,617,52
54,Puppet,2020,2,616,48
55,Smalltalk,2020,2,543,64
56,Vala,2020,2,473,66
57,BitBake,2020,2,458,55
58,CMake,2020,2,432,62
59,Verilog,2020,2,427,67
60,Common Lisp,2020,2,421,63
61,JSON,2020,2,418,75
62,Crystal,2020,2,416,74
63,Visual Basic .NET,2020,2,407,56
64,Elm,2020,2,404,60
65,Assembly,2020,2,387,65
66,WebAssembly,2020,2,370,59
67,ABAP,2020,2,360,69
68,TeX,2020,2,335,58
69,TSQL,2020,2,324,61
70,Stylus,2020,2,320,68
71,Gherkin,2020,2,283,71
72,PureScript,2020,2,273,70
73,Pawn,2020,2,262,92
74,mIRC Script,2020,2,256,73
75,Haxe,2020,2,247,77
76,Coq,2020,2,246,76
77,XSLT,2020,2,228,72
78,Roff,2020,2,221,57
79,PLSQL,2020,2,216,80
80,Nim,2020,2,212,78
81,SWIG,2020,2,199,85
82,QML,2020,2,190,82
83,GLSL,2020,2,182,81
84,Batchfile,2020,2,173,90
86,M4,2020,2,167,97
86,Pascal,2020,2,167,84
87,SourcePawn,2020,2,158,86
89,Nunjucks,2020,2,146,89
89,q,2020,2,146,88
91,Raku,2020,2,133,79
91,Mustache,2020,2,133,99
92,SaltStack,2020,2,125,83
93,LLVM,2020,2,124,94
94,Reason,2020,2,121,103
95,Scheme,2020,2,117,105
96,D,2020,2,116,91
97,POV-Ray SDL,2020,2,100,95
1,JavaScript,2020,3,212385,1
2,Python,2020,3,198027,2
3,Java,2020,3,135037,3
4,Go,2020,3,106440,4
5,TypeScript,2020,3,102279,5
6,C++,2020,3,79773,6
7,Ruby,2020,3,69699,7
8,PHP,2020,3,57435,8
9,C#,2020,3,41563,9
10,C,2020,3,30573,10
11,HTML,2020,3,26978,11
12,Shell,2020,3,21146,12
13,Scala,2020,3,16042,13
14,Nix,2020,3,12453,14
15,Kotlin,2020,3,11121,15
16,CSS,2020,3,10631,17
17,Rust,2020,3,10027,16
18,Jupyter Notebook,2020,3,8691,19
19,Swift,2020,3,8682,18
20,Dart,2020,3,8384,20
21,Starlark,2020,3,8104,21
22,Groovy,2020,3,5101,22
23,DM,2020,3,4666,24
24,Objective-C,2020,3,4639,23
25,Elixir,2020,3,3987,25
26,Vue,2020,3,3166,26
27,Makefile,2020,3,2996,27
28,Clojure,2020,3,2553,30
29,Perl,2020,3,2473,28
30,Lua,2020,3,2376,29
31,SCSS,2020,3,2063,31
32,Lean,2020,3,2052,38
33,SystemVerilog,2020,3,1916,35
34,Vim script,2020,3,1876,37
35,Haskell,2020,3,1852,34
36,Emacs Lisp,2020,3,1832,32
37,OCaml,2020,3,1823,33
38,PowerShell,2020,3,1722,36
39,CoffeeScript,2020,3,1553,40
40,Dockerfile,2020,3,1540,39
41,HCL,2020,3,1464,41
42,Erlang,2020,3,1270,42
43,CodeQL,2020,3,1011,47
44,R,2020,3,852,43
45,Jinja,2020,3,817,45
46,Puppet,2020,3,781,48
47,Julia,2020,3,739,44
48,Jsonnet,2020,3,704,50
49,Fortran,2020,3,648,51
50,YAML,2020,3,635,49
51,Smarty,2020,3,601,46
52,ABAP,2020,3,532,69
53,Common Lisp,2020,3,523,63
54,PLpgSQL,2020,3,497,53
55,MATLAB,2020,3,467,52
56,F#,2020,3,456,54
57,Visual Basic .NET,2020,3,438,56
58,Smalltalk,2020,3,408,64
59,WebAssembly,2020,3,405,59
60,Elm,2020,3,382,60
61,TeX,2020,3,372,58
62,BitBake,2020,3,368,55
63,Roff,2020,3,346,57
64,XSLT,2020,3,316,72
66,Stylus,2020,3,315,68
66,TSQL,2020,3,315,61
67,Assembly,2020,3,304,65
68,CMake,2020,3,294,62
69,Verilog,2020,3,269,67
70,Gherkin,2020,3,255,71
71,Vala,2020,3,237,66
72,mIRC Script,2020,3,213,73
73,Haxe,2020,3,199,77
74,PureScript,2020,3,185,70
75,Coq,2020,3,182,76
76,PLSQL,2020,3,166,80
77,Markdown,2020,3,154,88
78,Nim,2020,3,149,78
79,JSON,2020,3,142,75
80,Raku,2020,3,136,79
81,Crystal,2020,3,134,74
82,Pascal,2020,3,130,84
83,GLSL,2020,3,120,81
84,Batchfile,2020,3,107,90
85,POV-Ray SDL,2020,3,101,95
86,QML,2020,3,100,82
1,Python,2020,4,196957,2
2,JavaScript,2020,4,192854,1
3,Java,2020,4,141231,3
4,Go,2020,4,96644,4
5,TypeScript,2020,4,94572,5
6,C++,2020,4,78677,6
7,Ruby,2020,4,77366,7
8,PHP,2020,4,62561,8
9,C#,2020,4,39853,9
10,C,2020,4,32716,10
11,HTML,2020,4,27345,11
12,Shell,2020,4,21753,12
13,Scala,2020,4,21235,13
14,Nix,2020,4,15268,14
15,Kotlin,2020,4,11212,15
16,Rust,2020,4,9829,16
17,Dart,2020,4,8551,20
18,CSS,2020,4,8403,17
19,Jupyter Notebook,2020,4,7988,19
20,Swift,2020,4,7729,18
21,Starlark,2020,4,6011,21
22,Objective-C,2020,4,4417,23
23,Groovy,2020,4,4353,22
24,Elixir,2020,4,3855,25
25,DM,2020,4,3357,24
26,Makefile,2020,4,2943,27
27,Perl,2020,4,2638,28
28,Lua,2020,4,2611,29
29,SCSS,2020,4,2546,31
30,Lean,2020,4,2320,38
31,Vue,2020,4,2284,26
32,OCaml,2020,4,2212,33
33,Clojure,2020,4,2168,30
34,SystemVerilog,2020,4,2079,35
35,PowerShell,2020,4,1848,36
36,Vim script,2020,4,1844,37
37,Haskell,2020,4,1793,34
38,Emacs Lisp,2020,4,1742,32
39,CoffeeScript,2020,4,1606,40
40,Erlang,2020,4,1561,42
41,Dockerfile,2020,4,1400,39
42,HCL,2020,4,1380,41
43,CodeQL,2020,4,953,47
44,Smarty,2020,4,891,46
45,R,2020,4,843,43
46,Julia,2020,4,823,44
47,Roff,2020,4,800,57
48,Jinja,2020,4,755,45
49,MATLAB,2020,4,742,52
50,Jsonnet,2020,4,585,50
51,F#,2020,4,564,54
52,PLpgSQL,2020,4,555,53
53,Puppet,2020,4,532,48
54,PureScript,2020,4,515,70
55,Fortran,2020,4,497,51
56,WebAssembly,2020,4,495,59
57,BitBake,2020,4,482,55
58,TeX,2020,4,468,58
59,YAML,2020,4,463,49
60,Visual Basic .NET,2020,4,430,56
61,Assembly,2020,4,414,65
62,Elm,2020,4,359,60
63,TSQL,2020,4,325,61
64,Verilog,2020,4,277,67
65,XSLT,2020,4,272,72
66,Common Lisp,2020,4,251,63
67,CMake,2020,4,250,62
68,Gherkin,2020,4,245,71
69,Vala,2020,4,238,66
70,Smalltalk,2020,4,236,64
71,Stylus,2020,4,229,68
72,mIRC Script,2020,4,218,73
73,Crystal,2020,4,207,74
74,Raku,2020,4,204,79
75,Coq,2020,4,191,76
76,Haxe,2020,4,164,77
78,Cuda,2020,4,152,98
78,D,2020,4,152,91
79,Nim,2020,4,146,78
80,Pascal,2020,4,145,84
81,Nunjucks,2020,4,136,89
82,GLSL,2020,4,130,81
83,Xtend,2020,4,128,100
84,PostScript,2020,4,126,101
85,SaltStack,2020,4,123,83
86,Visual Basic,2020,4,119,104
87,Markdown,2020,4,104,88
89,Standard ML,2020,4,103,106
89,SourcePawn,2020,4,103,86
90,q,2020,4,100,88
1,Python,2021,1,193698,1
2,JavaScript,2021,1,188179,2
3,Java,2021,1,123189,3
4,TypeScript,2021,1,92310,4
5,Go,2021,1,89986,5
6,Ruby,2021,1,82686,6
7,C++,2021,1,73674,7
8,PHP,2021,1,55708,8
9,C#,2021,1,38167,9
10,C,2021,1,34126,10
11,HTML,2021,1,25867,11
12,Shell,2021,1,23617,12
13,Scala,2021,1,20387,13
14,Nix,2021,1,17286,14
15,Kotlin,2021,1,11204,15
16,Dart,2021,1,9029,17
17,CSS,2021,1,8459,16
18,Rust,2021,1,8446,18
19,Jupyter Notebook,2021,1,7581,19
20,Swift,2021,1,6687,20
21,Starlark,2021,1,5198,21
22,DM,2021,1,4288,23
23,Groovy,2021,1,3921,22
24,Objective-C,2021,1,3767,25
25,Elixir,2021,1,3384,24
26,Makefile,2021,1,2947,28
27,SCSS,2021,1,2886,26
28,Lean,2021,1,2685,27
29,Lua,2021,1,2433,32
30,Perl,2021,1,2353,29
31,Vue,2021,1,2287,31
32,SystemVerilog,2021,1,2267,30
33,Emacs Lisp,2021,1,2086,34
34,Erlang,2021,1,1801,35
35,Clojure,2021,1,1724,36
36,CoffeeScript,2021,1,1698,39
37,Haskell,2021,1,1621,37
38,PowerShell,2021,1,1614,41
39,OCaml,2021,1,1594,33
40,Dockerfile,2021,1,1560,38
41,Vim script,2021,1,1451,43
42,HCL,2021,1,1354,40
43,CodeQL,2021,1,1143,42
44,R,2021,1,901,44
45,Jinja,2021,1,794,46
46,Julia,2021,1,733,47
47,Jsonnet,2021,1,729,45
48,Roff,2021,1,689,49
49,Visual Basic .NET,2021,1,654,54
50,Smarty,2021,1,625,50
51,Coq,2021,1,621,59
52,PureScript,2021,1,560,68
53,Fortran,2021,1,541,53
55,PLpgSQL,2021,1,461,56
55,MATLAB,2021,1,461,52
56,WebAssembly,2021,1,456,61
57,F#,2021,1,452,51
58,Puppet,2021,1,439,55
59,TeX,2021,1,425,62
60,BitBake,2021,1,417,59
61,Elm,2021,1,414,57
62,Verilog,2021,1,390,48
63,YAML,2021,1,348,60
64,Assembly,2021,1,320,64
65,XSLT,2021,1,291,66
66,Gherkin,2021,1,284,67
67,Common Lisp,2021,1,277,75
68,TSQL,2021,1,273,71
69,Nim,2021,1,272,70
70,Stylus,2021,1,268,65
71,Crystal,2021,1,265,76
72,JSON,2021,1,264,77
73,CMake,2021,1,257,74
74,Smalltalk,2021,1,241,69
75,Vala,2021,1,234,63
76,mIRC Script,2021,1,230,73
77,Pascal,2021,1,224,83
78,Cuda,2021,1,221,72
79,Xtend,2021,1,185,89
81,BlitzBasic,2021,1,153,91
81,D,2021,1,153,91
82,Markdown,2021,1,149,78
83,Batchfile,2021,1,143,79
84,Objective-C++,2021,1,140,80
85,SaltStack,2021,1,133,94
86,Standard ML,2021,1,118,95
87,PostScript,2021,1,116,96
89,Visual Basic,2021,1,115,98
89,Haxe,2021,1,115,98
90,Raku,2021,1,113,81
91,SourcePawn,2021,1,111,100
92,M4,2021,1,109,82
93,SWIG,2021,1,108,88
94,GLSL,2021,1,101,85
1,Python,2021,2,186461,1
2,JavaScript,2021,2,185583,2
3,Java,2021,2,132615,3
4,TypeScript,2021,2,100302,4
5,Go,2021,2,85207,5
6,Ruby,2021,2,76858,6
7,C++,2021,2,69948,7
8,PHP,2021,2,51626,8
9,C#,2021,2,35801,9
10,C,2021,2,30580,10
11,HTML,2021,2,26180,11
12,Scala,2021,2,24851,13
13,Shell,2021,2,24380,12
14,Nix,2021,2,17318,14
15,Kotlin,2021,2,10376,15
16,CSS,2021,2,9336,16
17,Dart,2021,2,8378,17
18,Rust,2021,2,7924,18
19,Jupyter Notebook,2021,2,6522,19
20,Swift,2021,2,6084,20
21,Starlark,2021,2,4753,21
22,Groovy,2021,2,3151,22
23,Elixir,2021,2,3117,24
24,Objective-C,2021,2,3101,25
25,DM,2021,2,3054,23
26,SCSS,2021,2,2763,26
27,Vue,2021,2,2596,31
28,SystemVerilog,2021,2,2282,30
29,Makefile,2021,2,2257,28
30,Lean,2021,2,2192,27
31,Lua,2021,2,2106,32
32,Perl,2021,2,2076,29
33,Emacs Lisp,2021,2,2018,34
34,OCaml,2021,2,1972,33
35,Clojure,2021,2,1652,36
36,Haskell,2021,2,1618,37
37,Erlang,2021,2,1575,35
38,Dockerfile,2021,2,1503,38
39,CoffeeScript,2021,2,1420,39
40,HCL,2021,2,1276,40
41,R,2021,2,966,44
42,PowerShell,2021,2,956,41
43,Vim script,2021,2,941,43
44,CodeQL,2021,2,885,42
45,Julia,2021,2,778,47
46,Roff,2021,2,680,49
47,Jsonnet,2021,2,674,45
48,Jinja,2021,2,673,46
49,Verilog,2021,2,651,48
50,Smarty,2021,2,563,50
51,Puppet,2021,2,537,55
52,MATLAB,2021,2,523,52
53,Fortran,2021,2,481,53
54,YAML,2021,2,464,60
55,F#,2021,2,448,51
56,Visual Basic .NET,2021,2,443,54
57,Coq,2021,2,429,59
58,Elm,2021,2,418,57
59,PLpgSQL,2021,2,405,56
60,BitBake,2021,2,343,59
61,Smalltalk,2021,2,337,69
62,XSLT,2021,2,299,66
63,Gherkin,2021,2,287,67
64,WebAssembly,2021,2,283,61
65,Assembly,2021,2,282,64
66,TeX,2021,2,274,62
67,TSQL,2021,2,271,71
68,Nim,2021,2,264,70
69,Stylus,2021,2,251,65
70,mIRC Script,2021,2,238,73
71,Vala,2021,2,236,63
72,Common Lisp,2021,2,207,75
73,GLSL,2021,2,206,85
74,Markdown,2021,2,187,78
75,Crystal,2021,2,164,76
77,M4,2021,2,156,82
77,Cuda,2021,2,156,72
78,Nunjucks,2021,2,150,87
79,Raku,2021,2,149,81
80,Pawn,2021,2,135,93
81,PureScript,2021,2,121,68
82,CMake,2021,2,118,74
83,Objective-C++,2021,2,115,80
84,QML,2021,2,113,84
1,Python,2021,3,165981,1
2,JavaScript,2021,3,154656,2
3,Java,2021,3,122349,3
4,TypeScript,2021,3,95523,4
5,Go,2021,3,83631,5
6,C++,2021,3,62522,7
7,Ruby,2021,3,62260,6
8,PHP,2021,3,47088,8
9,C#,2021,3,32354,9
10,C,2021,3,26528,10
11,HTML,2021,3,23541,11
12,Shell,2021,3,20291,12
13,Nix,2021,3,19438,14
14,Scala,2021,3,16275,13
15,Kotlin,2021,3,9648,15
16,CSS,2021,3,8242,16
17,Dart,2021,3,7057,17
18,Rust,2021,3,6677,18
19,Swift,2021,3,6611,20
20,Jupyter Notebook,2021,3,6479,19
21,Starlark,2021,3,4376,21
22,DM,2021,3,3258,23
23,Groovy,2021,3,3150,22
24,Elixir,2021,3,2948,24
25,Objective-C,2021,3,2907,25
26,SCSS,2021,3,2801,26
27,Lean,2021,3,2434,27
28,Perl,2021,3,2409,29
29,Vue,2021,3,2281,31
30,Makefile,2021,3,2211,28
31,OCaml,2021,3,1961,33
32,SystemVerilog,2021,3,1884,30
33,Clojure,2021,3,1725,36
34,Erlang,2021,3,1569,35
35,Dockerfile,2021,3,1563,38
36,Lua,2021,3,1439,32
37,Haskell,2021,3,1417,37
38,Emacs Lisp,2021,3,1355,34
39,CoffeeScript,2021,3,1280,39
40,HCL,2021,3,1001,40
41,Verilog,2021,3,899,48
42,Vim script,2021,3,872,43
43,CodeQL,2021,3,868,42
44,Jsonnet,2021,3,786,45
45,R,2021,3,767,44
46,PowerShell,2021,3,720,41
47,Julia,2021,3,653,47
48,Smarty,2021,3,579,50
49,Jinja,2021,3,574,46
50,Roff,2021,3,537,49
51,F#,2021,3,528,51
52,Elm,2021,3,454,57
53,Fortran,2021,3,453,53
54,MATLAB,2021,3,448,52
55,PLpgSQL,2021,3,446,56
56,BitBake,2021,3,445,59
57,Visual Basic .NET,2021,3,410,54
58,Vala,2021,3,384,63
59,YAML,2021,3,378,60
60,WebAssembly,2021,3,369,61
61,Puppet,2021,3,359,55
62,Coq,2021,3,293,59
63,Assembly,2021,3,270,64
64,Stylus,2021,3,267,65
65,Smalltalk,2021,3,266,69
66,TeX,2021,3,257,62
67,XSLT,2021,3,252,66
68,Gherkin,2021,3,249,67
69,mIRC Script,2021,3,211,73
70,Nim,2021,3,190,70
71,TSQL,2021,3,179,71
72,Cuda,2021,3,177,72
73,PureScript,2021,3,171,68
74,JSON,2021,3,166,77
75,Crystal,2021,3,163,76
76,CMake,2021,3,157,74
77,Common Lisp,2021,3,147,75
78,Markdown,2021,3,145,78
79,Objective-C++,2021,3,139,80
80,Batchfile,2021,3,115,79
81,POV-Ray SDL,2021,3,114,99
82,QML,2021,3,111,84
83,Svelte,2021,3,110,86
84,M4,2021,3,107,82
1,Python,2021,4,130149,1
2,JavaScript,2021,4,102612,2
3,Java,2021,4,88684,3
4,TypeScript,2021,4,61047,4
5,Go,2021,4,59184,5
6,C++,2021,4,48447,7
7,Ruby,2021,4,44832,6
8,PHP,2021,4,38201,8
9,C#,2021,4,24426,9
10,C,2021,4,22792,10
11,Nix,2021,4,17594,14
12,HTML,2021,4,17216,11
13,Shell,2021,4,15836,12
14,Scala,2021,4,14883,13
15,Kotlin,2021,4,7437,15
16,Starlark,2021,4,5400,21
17,Dart,2021,4,5042,17
18,Rust,2021,4,4968,18
19,Jupyter Notebook,2021,4,4922,19
20,Swift,2021,4,4709,20
21,CSS,2021,4,3991,16
22,Groovy,2021,4,2572,22
23,Lean,2021,4,2349,27
24,Elixir,2021,4,2262,24
25,DM,2021,4,2180,23
26,SCSS,2021,4,2082,26
27,Objective-C,2021,4,1754,25
28,OCaml,2021,4,1745,33
29,Makefile,2021,4,1736,28
30,SystemVerilog,2021,4,1688,30
31,Perl,2021,4,1676,29
32,Lua,2021,4,1442,32
33,Erlang,2021,4,1354,35
34,Haskell,2021,4,1353,37
35,Dockerfile,2021,4,1039,38
36,Clojure,2021,4,1005,36
37,Emacs Lisp,2021,4,997,34
38,Vue,2021,4,942,31
39,HCL,2021,4,902,40
40,PowerShell,2021,4,827,41
41,CodeQL,2021,4,790,42
42,Jsonnet,2021,4,714,45
43,Jinja,2021,4,670,46
44,Verilog,2021,4,645,48
45,CoffeeScript,2021,4,591,39
46,R,2021,4,567,44
47,Smarty,2021,4,515,50
48,Roff,2021,4,444,49
49,Julia,2021,4,428,47
50,Vim script,2021,4,401,43
51,F#,2021,4,367,51
52,MATLAB,2021,4,338,52
53,Puppet,2021,4,332,55
54,Elm,2021,4,323,57
55,BitBake,2021,4,306,59
56,PLpgSQL,2021,4,304,56
57,Fortran,2021,4,289,53
58,Vala,2021,4,280,63
59,TeX,2021,4,279,62
60,YAML,2021,4,260,60
61,Visual Basic .NET,2021,4,246,54
62,WebAssembly,2021,4,238,61
63,Stylus,2021,4,219,65
64,Assembly,2021,4,210,64
65,Coq,2021,4,168,59
66,Batchfile,2021,4,158,79
67,Svelte,2021,4,156,86
68,XSLT,2021,4,151,66
69,Game Maker Language,2021,4,148,92
70,Cuda,2021,4,131,72
71,CMake,2021,4,126,74
72,JSON,2021,4,125,77
73,Nunjucks,2021,4,114,87
75,SWIG,2021,4,113,88
75,Raku,2021,4,113,81
76,Pascal,2021,4,105,83
78,Nim,2021,4,102,70
78,QML,2021,4,102,84
79,Gherkin,2021,4,100,67
1,JavaScript,2022,1,1296,1
2,Python,2022,1,788,2
3,Java,2022,1,608,3
4,TypeScript,2022,1,544,4
5,Ruby,2022,1,483,5
6,PHP,2022,1,445,6
7,C++,2022,1,349,7
8,Nix,2022,1,279,8
9,Go,2022,1,206,9
10,C#,2022,1,187,10
11,C,2022,1,152,11
12,HTML,2022,1,134,12
13,Scala,2022,1,110,13
14,Shell,2022,1,103,14
