language_name,year,count,lag_count,yoy_change
1C Enterprise,2017,151,178.0,-0.151685393258427
ABAP,2017,669,123.0,4.439024390243903
ABAP,2018,1358,669.0,1.029895366218236
ABAP,2019,1438,1358.0,0.05891016200294552
ABAP,2020,1155,1438.0,-0.19680111265646727
API Blueprint,2016,823,106.0,6.764150943396227
API Blueprint,2017,137,823.0,-0.8335358444714459
ASP,2015,174,104.0,0.6730769230769231
ASP,2016,335,174.0,0.9252873563218391
ASP,2017,435,335.0,0.29850746268656714
ActionScript,2014,1515,229.0,5.615720524017467
ActionScript,2015,1204,1515.0,-0.20528052805280528
ActionScript,2016,536,1204.0,-0.5548172757475083
ActionScript,2017,101,536.0,-0.8115671641791045
ApacheConf,2015,3849,324.0,10.87962962962963
ApacheConf,2016,760,3849.0,-0.8025461158742531
ApacheConf,2017,137,760.0,-0.8197368421052631
Apex,2015,1043,882.0,0.18253968253968256
Apex,2016,1203,1043.0,0.15340364333652934
Apex,2017,1411,1203.0,0.1729010806317539
Apex,2018,2005,1411.0,0.4209780297661234
Apex,2019,1878,2005.0,-0.06334164588528679
Arduino,2015,671,102.0,5.578431372549019
Arduino,2016,1368,671.0,1.0387481371087928
Arduino,2017,1596,1368.0,0.16666666666666674
Assembly,2014,733,159.0,3.6100628930817606
Assembly,2015,1644,733.0,1.2428376534788539
Assembly,2016,1060,1644.0,-0.35523114355231145
Assembly,2017,1373,1060.0,0.2952830188679245
Assembly,2018,976,1373.0,-0.2891478514202477
Assembly,2019,722,976.0,-0.26024590163934425
Assembly,2020,1304,722.0,0.8060941828254848
Assembly,2021,1082,1304.0,-0.17024539877300615
AutoHotkey,2017,388,108.0,2.5925925925925926
AutoIt,2017,285,355.0,-0.19718309859154926
Batchfile,2016,1323,718.0,0.8426183844011141
Batchfile,2017,1096,1323.0,-0.17157974300831447
Batchfile,2018,660,1096.0,-0.3978102189781022
Batchfile,2019,596,660.0,-0.09696969696969693
Batchfile,2020,280,596.0,-0.5302013422818792
Batchfile,2021,416,280.0,0.48571428571428577
BitBake,2016,1714,332.0,4.162650602409639
BitBake,2017,2354,1714.0,0.37339556592765466
BitBake,2018,1925,2354.0,-0.18224299065420557
BitBake,2019,1550,1925.0,-0.19480519480519476
BitBake,2020,1810,1550.0,0.16774193548387095
BitBake,2021,1511,1810.0,-0.16519337016574587
C,2012,14560,623.0,22.370786516853933
C,2013,31661,14560.0,1.174519230769231
C,2014,64306,31661.0,1.0310792457597677
C,2015,114149,64306.0,0.775090971293503
C,2016,146306,114149.0,0.28171074648047734
C,2017,153689,146306.0,0.050462728801279555
C,2018,122630,153689.0,-0.20208993486846816
C,2019,131482,122630.0,0.0721846204028378
C,2020,133868,131482.0,0.01814697068800286
C,2021,114026,133868.0,-0.14822063525263696
C,2022,152,114026.0,-0.998666970690895
C#,2012,7650,291.0,25.288659793814432
C#,2013,20697,7650.0,1.7054901960784314
C#,2014,44574,20697.0,1.1536454558631686
C#,2015,123389,44574.0,1.7681832458383813
C#,2016,172612,123389.0,0.39892534990963546
C#,2017,209497,172612.0,0.21368734502815556
C#,2018,144026,209497.0,-0.3125152150150121
C#,2019,159272,144026.0,0.10585588713149008
C#,2020,168845,159272.0,0.0601047265056005
C#,2021,130748,168845.0,-0.22563297699073115
C#,2022,187,130748.0,-0.9985697677975953
C++,2012,20120,1012.0,18.881422924901187
C++,2013,44235,20120.0,1.198558648111332
C++,2014,106360,44235.0,1.4044308805244716
C++,2015,189111,106360.0,0.7780274539300489
C++,2016,274053,189111.0,0.44916477624252416
C++,2017,334776,274053.0,0.22157392913049656
C++,2018,286704,334776.0,-0.14359452290486774
C++,2019,305125,286704.0,0.0642509347619844
C++,2020,329484,305125.0,0.07983285538713636
C++,2021,254591,329484.0,-0.22730390550072233
C++,2022,349,254591.0,-0.998629173851393
CMake,2015,2250,1068.0,1.106741573033708
CMake,2016,3269,2250.0,0.4528888888888889
CMake,2017,4001,3269.0,0.22392168858978279
CMake,2018,2289,4001.0,-0.4278930267433142
CMake,2019,1674,2289.0,-0.2686762778505898
CMake,2020,1398,1674.0,-0.16487455197132617
CMake,2021,658,1398.0,-0.5293276108726752
CSS,2013,15376,2330.0,5.599141630901287
CSS,2014,44415,15376.0,1.8885926118626433
CSS,2015,86242,44415.0,0.9417313970505461
CSS,2016,121092,86242.0,0.40409545233181055
CSS,2017,120944,121092.0,-0.0012222112113103867
CSS,2018,44658,120944.0,-0.630754729461569
CSS,2019,40006,44658.0,-0.10416946571722874
CSS,2020,41855,40006.0,0.046218067289906406
CSS,2021,30028,41855.0,-0.2825707800740652
Clojure,2013,2858,1674.0,0.7072879330943846
Clojure,2014,8638,2858.0,2.0223932820153956
Clojure,2015,18166,8638.0,1.1030331095160917
Clojure,2016,20261,18166.0,0.11532533303974457
Clojure,2017,19905,20261.0,-0.017570702334534283
Clojure,2018,14417,19905.0,-0.27570962069831706
Clojure,2019,10931,14417.0,-0.24179787750572246
Clojure,2020,9399,10931.0,-0.14015186167779714
Clojure,2021,6106,9399.0,-0.35035642089583996
CodeQL,2021,3686,3087.0,0.19403952057013285
CoffeeScript,2013,8891,2944.0,2.0200407608695654
CoffeeScript,2014,22165,8891.0,1.4929704195253626
CoffeeScript,2015,32316,22165.0,0.45797428378073546
CoffeeScript,2016,31503,32316.0,-0.02515781656145566
CoffeeScript,2017,18755,31503.0,-0.40465987366282574
CoffeeScript,2018,8471,18755.0,-0.5483337776592909
CoffeeScript,2019,6153,8471.0,-0.27363947585881243
CoffeeScript,2020,6245,6153.0,0.014952055907687223
CoffeeScript,2021,4989,6245.0,-0.20112089671737388
ColdFusion,2013,643,580.0,0.10862068965517246
ColdFusion,2014,770,643.0,0.19751166407465015
ColdFusion,2015,927,770.0,0.2038961038961038
ColdFusion,2016,1093,927.0,0.17907227615965482
ColdFusion,2017,593,1093.0,-0.4574565416285453
ColdFusion,2018,264,593.0,-0.554806070826307
ColdFusion,2019,339,264.0,0.28409090909090917
Common Lisp,2013,471,103.0,3.5728155339805827
Common Lisp,2014,746,471.0,0.5838641188959661
Common Lisp,2015,1445,746.0,0.9369973190348526
Common Lisp,2016,2815,1445.0,0.9480968858131489
Common Lisp,2017,2289,2815.0,-0.18685612788632322
Common Lisp,2018,1175,2289.0,-0.4866754041065968
Common Lisp,2019,840,1175.0,-0.28510638297872337
Common Lisp,2020,1383,840.0,0.6464285714285714
Common Lisp,2021,631,1383.0,-0.5437454808387563
Common Workflow Language,2015,105,209.0,-0.4976076555023924
Common Workflow Language,2016,130,105.0,0.23809523809523814
Common Workflow Language,2017,691,130.0,4.315384615384615
Common Workflow Language,2018,131,691.0,-0.8104196816208393
Coq,2017,224,223.0,0.004484304932735439
Coq,2018,730,224.0,2.2589285714285716
Coq,2019,1310,730.0,0.7945205479452055
Coq,2020,853,1310.0,-0.3488549618320611
Coq,2021,1511,853.0,0.7713950762016413
Crystal,2016,1830,443.0,3.1309255079006775
Crystal,2017,3109,1830.0,0.6989071038251367
Crystal,2018,2385,3109.0,-0.23287230620778387
Crystal,2019,1176,2385.0,-0.5069182389937107
Crystal,2020,970,1176.0,-0.1751700680272109
Crystal,2021,592,970.0,-0.3896907216494845
Cuda,2016,649,272.0,1.386029411764706
Cuda,2017,284,649.0,-0.5624036979969184
Cuda,2018,213,284.0,-0.25
Cuda,2020,152,213.0,-0.2863849765258216
Cuda,2021,685,152.0,3.5065789473684212
D,2014,1393,258.0,4.39922480620155
D,2015,1568,1393.0,0.12562814070351758
D,2016,1725,1568.0,0.10012755102040827
D,2017,1765,1725.0,0.023188405797101463
D,2018,805,1765.0,-0.5439093484419264
D,2019,377,805.0,-0.5316770186335404
D,2020,268,377.0,-0.2891246684350133
D,2021,153,268.0,-0.42910447761194026
DIGITAL Command Language,2017,428,133.0,2.218045112781955
DIGITAL Command Language,2018,164,428.0,-0.6168224299065421
DM,2014,6353,3002.0,1.1162558294470353
DM,2015,13311,6353.0,1.0952305997166691
DM,2016,17384,13311.0,0.30598752911126126
DM,2017,38015,17384.0,1.1867809479981593
DM,2018,24417,38015.0,-0.35770090753649875
DM,2019,17375,24417.0,-0.28840561903591755
DM,2020,17660,17375.0,0.016402877697841767
DM,2021,12780,17660.0,-0.2763306908267271
Dart,2014,2275,847.0,1.6859504132231407
Dart,2015,6705,2275.0,1.9472527472527474
Dart,2016,10487,6705.0,0.5640566741237882
Dart,2017,14414,10487.0,0.37446362162677604
Dart,2018,17221,14414.0,0.19474122381018444
Dart,2019,28871,17221.0,0.6764996225538586
Dart,2020,31428,28871.0,0.08856638149007656
Dart,2021,29506,31428.0,-0.0611556573755887
Dockerfile,2015,3125,348.0,7.9798850574712645
Dockerfile,2016,5643,3125.0,0.80576
Dockerfile,2017,8641,5643.0,0.531277689172426
Dockerfile,2018,8383,8641.0,-0.029857655363962454
Dockerfile,2019,6564,8383.0,-0.2169867589168556
Dockerfile,2020,6453,6564.0,-0.016910420475319876
Dockerfile,2021,5665,6453.0,-0.12211374554470789
Eagle,2015,476,106.0,3.4905660377358494
Eagle,2016,612,476.0,0.2857142857142858
Eagle,2017,113,612.0,-0.815359477124183
Eiffel,2016,238,168.0,0.41666666666666674
Eiffel,2017,119,238.0,-0.5
Eiffel,2018,112,119.0,-0.05882352941176472
Elixir,2013,1355,562.0,1.411032028469751
Elixir,2014,3070,1355.0,1.2656826568265682
Elixir,2015,8009,3070.0,1.6087947882736158
Elixir,2016,16320,8009.0,1.0377075789736545
Elixir,2017,23296,16320.0,0.4274509803921569
Elixir,2018,16280,23296.0,-0.30116758241758246
Elixir,2019,18709,16280.0,0.14920147420147423
Elixir,2020,16719,18709.0,-0.1063659201453846
Elixir,2021,11711,16719.0,-0.2995394461391232
Elm,2016,3063,1131.0,1.7082228116710874
Elm,2017,3788,3063.0,0.23669604962455115
Elm,2018,1614,3788.0,-0.5739176346356917
Elm,2019,989,1614.0,-0.38723667905824044
Elm,2020,1546,989.0,0.5631951466127401
Elm,2021,1609,1546.0,0.0407503234152653
Emacs Lisp,2013,4838,1831.0,1.6422719825232113
Emacs Lisp,2014,6922,4838.0,0.43075651095494005
Emacs Lisp,2015,9081,6922.0,0.31190407396706155
Emacs Lisp,2016,8692,9081.0,-0.04283669199427376
Emacs Lisp,2017,9044,8692.0,0.040497008743672236
Emacs Lisp,2018,7696,9044.0,-0.14904909332153915
Emacs Lisp,2019,7117,7696.0,-0.07523388773388773
Emacs Lisp,2020,8297,7117.0,0.1658001967120979
Emacs Lisp,2021,6456,8297.0,-0.2218874291912739
Erlang,2012,2528,149.0,15.966442953020135
Erlang,2013,4915,2528.0,0.9442246835443038
Erlang,2014,7758,4915.0,0.5784333672431332
Erlang,2015,12977,7758.0,0.6727249291054396
Erlang,2016,13309,12977.0,0.025583725052015005
Erlang,2017,11705,13309.0,-0.12051994890675488
Erlang,2018,9264,11705.0,-0.20854335753951303
Erlang,2019,5357,9264.0,-0.4217400690846287
Erlang,2020,5422,5357.0,0.01213365689751722
Erlang,2021,6299,5422.0,0.16174843231279978
F#,2014,2821,244.0,10.561475409836065
F#,2015,4751,2821.0,0.684154555122297
F#,2016,6314,4751.0,0.3289833719217008
F#,2017,5591,6314.0,-0.1145074437757364
F#,2018,3504,5591.0,-0.37327848327669466
F#,2019,2404,3504.0,-0.3139269406392694
F#,2020,2168,2404.0,-0.09816971713810319
F#,2021,1795,2168.0,-0.17204797047970477
F*,2019,103,209.0,-0.507177033492823
FORTRAN,2016,113,115.0,-0.017391304347826098
Fortran,2014,1698,122.0,12.918032786885245
Fortran,2015,2235,1698.0,0.31625441696113077
Fortran,2016,2857,2235.0,0.2782997762863535
Fortran,2017,3804,2857.0,0.33146657332866636
Fortran,2018,2946,3804.0,-0.22555205047318616
Fortran,2019,2332,2946.0,-0.20841819416157503
Fortran,2020,2442,2332.0,0.04716981132075482
Fortran,2021,1764,2442.0,-0.27764127764127766
FreeMarker,2017,1701,115.0,13.791304347826086
FreeMarker,2018,2358,1701.0,0.3862433862433863
FreeMarker,2019,1162,2358.0,-0.5072094995759118
FreeMarker,2020,232,1162.0,-0.8003442340791739
GCC Machine Description,2015,521,234.0,1.2264957264957266
GCC Machine Description,2016,230,521.0,-0.5585412667946257
GDScript,2017,322,143.0,1.2517482517482517
GDScript,2018,134,322.0,-0.5838509316770186
GDScript,2020,176,134.0,0.31343283582089554
GLSL,2016,1451,145.0,9.006896551724138
GLSL,2017,1024,1451.0,-0.29427980702963474
GLSL,2018,672,1024.0,-0.34375
GLSL,2019,648,672.0,-0.0357142857142857
GLSL,2020,543,648.0,-0.1620370370370371
GLSL,2021,307,543.0,-0.43462246777163904
Game Maker Language,2021,148,149.0,-0.006711409395973145
Gherkin,2015,1140,425.0,1.6823529411764704
Gherkin,2016,1822,1140.0,0.5982456140350878
Gherkin,2017,3202,1822.0,0.7574094401756313
Gherkin,2018,1889,3202.0,-0.410056214865709
Gherkin,2019,1672,1889.0,-0.1148755955532027
Gherkin,2020,1130,1672.0,-0.3241626794258373
Gherkin,2021,920,1130.0,-0.18584070796460173
Go,2013,12293,2012.0,5.109840954274354
Go,2014,53994,12293.0,3.3922557553078985
Go,2015,183145,53994.0,2.391950957513798
Go,2016,308436,183145.0,0.6841082202626334
Go,2017,396543,308436.0,0.28565731626658364
Go,2018,335173,396543.0,-0.15476253521055727
Go,2019,373058,335173.0,0.11303118091254372
Go,2020,419034,373058.0,0.12324089015649031
Go,2021,318008,419034.0,-0.24109260823704048
Go,2022,206,318008.0,-0.9993522175542754
Groff,2016,147,566.0,-0.7402826855123674
Groff,2017,146,147.0,-0.006802721088435382
Groovy,2013,2997,2760.0,0.08586956521739131
Groovy,2014,6672,2997.0,1.2262262262262262
Groovy,2015,11199,6672.0,0.6785071942446044
Groovy,2016,17805,11199.0,0.5898740959014197
Groovy,2017,23066,17805.0,0.2954787980904241
Groovy,2018,19665,23066.0,-0.14744645799011535
Groovy,2019,17910,19665.0,-0.08924485125858128
Groovy,2020,19357,17910.0,0.08079285315466223
Groovy,2021,12794,19357.0,-0.33905047269721544
HCL,2016,2161,1041.0,1.0758885686839577
HCL,2017,8384,2161.0,2.8796853308653403
HCL,2018,4082,8384.0,-0.5131202290076335
HCL,2019,4043,4082.0,-0.009554140127388533
HCL,2020,5651,4043.0,0.3977244620331437
HCL,2021,4533,5651.0,-0.19784109007255357
HTML,2012,4632,149.0,30.08724832214765
HTML,2013,18549,4632.0,3.0045336787564763
HTML,2014,56864,18549.0,2.065610005930239
HTML,2015,161820,56864.0,1.8457371975239165
HTML,2016,238779,161820.0,0.47558398220244724
HTML,2017,248516,238779.0,0.04077829289845414
HTML,2018,127612,248516.0,-0.4865038870736693
HTML,2019,117347,127612.0,-0.0804391436542018
HTML,2020,113074,117347.0,-0.03641337230606667
HTML,2021,92804,113074.0,-0.17926313741443656
HTML,2022,134,92804.0,-0.9985560967199689
Haskell,2012,2221,111.0,19.00900900900901
Haskell,2013,3426,2221.0,0.5425484016208915
Haskell,2014,8298,3426.0,1.4220665499124343
Haskell,2015,14163,8298.0,0.7067968185104845
Haskell,2016,13986,14163.0,-0.012497352255878003
Haskell,2017,18030,13986.0,0.28914628914628904
Haskell,2018,12036,18030.0,-0.3324459234608985
Haskell,2019,7491,12036.0,-0.37761714855433703
Haskell,2020,7687,7491.0,0.02616473101054595
Haskell,2021,6009,7687.0,-0.2182906205281644
Haxe,2014,1177,333.0,2.5345345345345347
Haxe,2015,2037,1177.0,0.7306711979609175
Haxe,2016,2690,2037.0,0.3205694648993618
Haxe,2017,1883,2690.0,-0.30000000000000004
Haxe,2018,1194,1883.0,-0.3659054699946893
Haxe,2019,758,1194.0,-0.36515912897822445
Haxe,2020,735,758.0,-0.03034300791556732
Haxe,2021,115,735.0,-0.8435374149659864
JSON,2015,1221,312.0,2.9134615384615383
JSON,2016,502,1221.0,-0.5888615888615889
JSON,2017,499,502.0,-0.005976095617529875
JSON,2018,163,499.0,-0.6733466933867736
JSON,2019,460,163.0,1.8220858895705523
JSON,2020,859,460.0,0.8673913043478261
JSON,2021,555,859.0,-0.35389988358556457
Java,2012,34249,1200.0,27.54083333333333
Java,2013,86118,34249.0,1.5144675756956407
Java,2014,187536,86118.0,1.1776632062983348
Java,2015,407936,187536.0,1.1752410203907515
Java,2016,565203,407936.0,0.3855188068716662
Java,2017,600805,565203.0,0.06298975766229131
Java,2018,395835,600805.0,-0.34115894508201494
Java,2019,435640,395835.0,0.10055957659125636
Java,2020,549745,435640.0,0.2619249839316866
Java,2021,466837,549745.0,-0.15081173998854014
Java,2022,608,466837.0,-0.9986976182264902
JavaScript,2012,69350,2184.0,30.753663003663004
JavaScript,2013,174948,69350.0,1.5226820475847154
JavaScript,2014,403207,174948.0,1.3047248325216634
JavaScript,2015,841002,403207.0,1.0857822408837148
JavaScript,2016,1479882,841002.0,0.7596652564440989
JavaScript,2017,1477140,1479882.0,-0.0018528504299667459
JavaScript,2018,826691,1477140.0,-0.44034350163153124
JavaScript,2019,787866,826691.0,-0.04696434338827926
JavaScript,2020,817650,787866.0,0.03780338280875184
JavaScript,2021,631030,817650.0,-0.22823946676450801
JavaScript,2022,1296,631030.0,-0.9979462149184666
Jinja,2016,664,321.0,1.0685358255451711
Jinja,2017,944,664.0,0.4216867469879517
Jinja,2018,1202,944.0,0.27330508474576276
Jinja,2019,2892,1202.0,1.4059900166389352
Jinja,2020,3186,2892.0,0.10165975103734448
Jinja,2021,2711,3186.0,-0.14908976773383553
Jsonnet,2016,860,277.0,2.104693140794224
Jsonnet,2017,420,860.0,-0.5116279069767442
Jsonnet,2018,3370,420.0,7.023809523809524
Jsonnet,2019,4242,3370.0,0.258753709198813
Jsonnet,2020,2781,4242.0,-0.34441301272984437
Jsonnet,2021,2903,2781.0,0.043869111830276974
Julia,2014,2547,888.0,1.8682432432432434
Julia,2015,6216,2547.0,1.4405182567726738
Julia,2016,6552,6216.0,0.054054054054053946
Julia,2017,6361,6552.0,-0.02915140415140416
Julia,2018,3473,6361.0,-0.4540166640465335
Julia,2019,2838,3473.0,-0.18283904405413187
Julia,2020,3604,2838.0,0.26990838618745605
Julia,2021,2592,3604.0,-0.2807991120976693
Jupyter Notebook,2013,1034,119.0,7.6890756302521
Jupyter Notebook,2014,3682,1034.0,2.5609284332688587
Jupyter Notebook,2015,10192,3682.0,1.7680608365019013
Jupyter Notebook,2016,23217,10192.0,1.2779631083202512
Jupyter Notebook,2017,43709,23217.0,0.8826291079812207
Jupyter Notebook,2018,28320,43709.0,-0.3520785192980851
Jupyter Notebook,2019,33588,28320.0,0.1860169491525423
Jupyter Notebook,2020,35625,33588.0,0.060646659521257584
Jupyter Notebook,2021,25504,35625.0,-0.28409824561403507
KiCad,2017,122,112.0,0.08928571428571419
Kotlin,2014,5901,1273.0,3.6355066771406124
Kotlin,2015,10307,5901.0,0.7466531096424336
Kotlin,2016,21025,10307.0,1.0398758125545746
Kotlin,2017,40442,21025.0,0.9235196195005946
Kotlin,2018,35346,40442.0,-0.1260076158449137
Kotlin,2019,41234,35346.0,0.16658179143325968
Kotlin,2020,44630,41234.0,0.08235921812096803
Kotlin,2021,38665,44630.0,-0.1336544924938382
LLVM,2016,267,148.0,0.804054054054054
LLVM,2017,120,267.0,-0.550561797752809
LLVM,2018,222,120.0,0.8500000000000001
LLVM,2019,252,222.0,0.1351351351351351
LLVM,2020,232,252.0,-0.07936507936507942
Lean,2020,6949,2196.0,2.164389799635701
Lean,2021,9660,6949.0,0.3901280759821557
Liquid,2015,127,318.0,-0.60062893081761
Logos,2016,126,158.0,-0.20253164556962022
Lua,2013,3287,1643.0,1.0006086427267196
Lua,2014,9524,3287.0,1.8974749011256464
Lua,2015,16352,9524.0,0.7169256614867703
Lua,2016,22793,16352.0,0.3938967710371819
Lua,2017,26590,22793.0,0.16658623261527672
Lua,2018,13257,26590.0,-0.5014291086874765
Lua,2019,10447,13257.0,-0.2119634909858943
Lua,2020,10105,10447.0,-0.032736670814587865
Lua,2021,7420,10105.0,-0.26571004453240965
M4,2017,727,219.0,2.319634703196347
M4,2018,560,727.0,-0.22971114167812934
M4,2019,215,560.0,-0.6160714285714286
M4,2020,167,215.0,-0.22325581395348837
M4,2021,372,167.0,1.2275449101796405
MATLAB,2015,1618,168.0,8.630952380952381
MATLAB,2016,2421,1618.0,0.49629171817058104
MATLAB,2017,5106,2421.0,1.1090458488228006
MATLAB,2018,3153,5106.0,-0.38249118683901295
MATLAB,2019,2695,3153.0,-0.14525848398350782
MATLAB,2020,2394,2695.0,-0.11168831168831173
MATLAB,2021,1770,2394.0,-0.2606516290726817
Makefile,2014,4146,636.0,5.518867924528302
Makefile,2015,9520,4146.0,1.2961890979257116
Makefile,2016,13202,9520.0,0.3867647058823529
Makefile,2017,12969,13202.0,-0.01764884108468412
Makefile,2018,10550,12969.0,-0.18652170560567505
Makefile,2019,10783,10550.0,0.022085308056872144
Makefile,2020,11303,10783.0,0.04822405638505045
Makefile,2021,9151,11303.0,-0.19039193134566046
Mako,2014,102,134.0,-0.23880597014925375
Markdown,2016,960,145.0,5.620689655172414
Markdown,2017,565,960.0,-0.41145833333333337
Markdown,2018,545,565.0,-0.03539823008849563
Markdown,2019,222,545.0,-0.5926605504587156
Markdown,2020,360,222.0,0.6216216216216217
Markdown,2021,481,360.0,0.336111111111111
Mathematica,2016,128,101.0,0.26732673267326734
Mathematica,2017,396,128.0,2.09375
Mathematica,2018,1336,396.0,2.3737373737373737
Matlab,2015,1072,222.0,3.8288288288288292
Matlab,2016,2593,1072.0,1.4188432835820897
Matlab,2017,2097,2593.0,-0.19128422676436563
Matlab,2018,256,2097.0,-0.8779208392942298
Meson,2018,268,167.0,0.6047904191616766
Mustache,2016,1129,376.0,2.002659574468085
Mustache,2017,1475,1129.0,0.30646589902568655
Mustache,2018,919,1475.0,-0.37694915254237293
Mustache,2019,777,919.0,-0.1545157780195865
Mustache,2020,133,777.0,-0.8288288288288288
NSIS,2017,115,144.0,-0.20138888888888884
Nim,2017,1208,938.0,0.28784648187633266
Nim,2018,635,1208.0,-0.4743377483443708
Nim,2019,457,635.0,-0.28031496062992123
Nim,2020,697,457.0,0.525164113785558
Nim,2021,828,697.0,0.18794835007173605
Nix,2013,2080,347.0,4.994236311239193
Nix,2014,6696,2080.0,2.2192307692307693
Nix,2015,10216,6696.0,0.5256869772998805
Nix,2016,14899,10216.0,0.45839859044635856
Nix,2017,19290,14899.0,0.2947177662930398
Nix,2018,31820,19290.0,0.6495593571798859
Nix,2019,39687,31820.0,0.24723444374607162
Nix,2020,54141,39687.0,0.3641998639352937
Nix,2021,71636,54141.0,0.32313773295653947
Nix,2022,279,71636.0,-0.9961053101792395
Nunjucks,2018,614,114.0,4.385964912280702
Nunjucks,2019,888,614.0,0.44625407166123776
Nunjucks,2020,282,888.0,-0.6824324324324325
Nunjucks,2021,264,282.0,-0.06382978723404253
OCaml,2014,3294,1644.0,1.0036496350364965
OCaml,2015,5506,3294.0,0.6715239829993929
OCaml,2016,9831,5506.0,0.7855067199418815
OCaml,2017,10333,9831.0,0.05106296409317457
OCaml,2018,8283,10333.0,-0.1983934965644053
OCaml,2019,9150,8283.0,0.10467222021006872
OCaml,2020,7848,9150.0,-0.14229508196721308
OCaml,2021,7272,7848.0,-0.07339449541284404
Objective-C,2012,6482,236.0,26.466101694915253
Objective-C,2013,18912,6482.0,1.9176180191298982
Objective-C,2014,33181,18912.0,0.7544945008460238
Objective-C,2015,53870,33181.0,0.6235194840420724
Objective-C,2016,55595,53870.0,0.03202153332095792
Objective-C,2017,42489,55595.0,-0.2357406241568486
Objective-C,2018,23318,42489.0,-0.4511991338934783
Objective-C,2019,21586,23318.0,-0.07427738227978387
Objective-C,2020,19055,21586.0,-0.11725192254238859
Objective-C,2021,11529,19055.0,-0.3949619522435056
Objective-C++,2015,1256,270.0,3.651851851851852
Objective-C++,2016,2622,1256.0,1.087579617834395
Objective-C++,2017,1892,2622.0,-0.2784134248665141
Objective-C++,2018,433,1892.0,-0.7711416490486258
Objective-C++,2019,478,433.0,0.10392609699769051
Objective-C++,2021,394,478.0,-0.17573221757322177
Objective-J,2013,356,455.0,-0.2175824175824176
Objective-J,2014,384,356.0,0.0786516853932584
Objective-J,2015,106,384.0,-0.7239583333333333
Objective-J,2016,371,106.0,2.5
Objective-J,2018,180,371.0,-0.5148247978436657
OpenEdge ABL,2016,163,152.0,0.07236842105263164
OpenEdge ABL,2019,123,163.0,-0.245398773006135
PHP,2012,66146,2745.0,23.096903460837886
PHP,2013,113058,66146.0,0.7092190003930698
PHP,2014,202740,113058.0,0.7932388685453484
PHP,2015,340439,202740.0,0.67919009568906
PHP,2016,414886,340439.0,0.21867941099580257
PHP,2017,417693,414886.0,0.006765713955158681
PHP,2018,247595,417693.0,-0.40723210587680425
PHP,2019,233573,247595.0,-0.05663280760920053
PHP,2020,242795,233573.0,0.03948230317716517
PHP,2021,192623,242795.0,-0.20664346465124894
PHP,2022,445,192623.0,-0.997689787823884
PLSQL,2015,967,2953.0,-0.6725364036572976
PLSQL,2016,825,967.0,-0.14684591520165458
PLSQL,2017,1045,825.0,0.2666666666666666
PLSQL,2018,746,1045.0,-0.28612440191387556
PLSQL,2019,627,746.0,-0.15951742627345844
PLSQL,2020,548,627.0,-0.12599681020733655
PLpgSQL,2015,1397,123.0,10.357723577235772
PLpgSQL,2016,2073,1397.0,0.48389405869720825
PLpgSQL,2017,3162,2073.0,0.5253256150506513
PLpgSQL,2018,3092,3162.0,-0.02213788741302969
PLpgSQL,2019,1983,3092.0,-0.3586675291073739
PLpgSQL,2020,2182,1983.0,0.10035300050428653
PLpgSQL,2021,1616,2182.0,-0.2593950504124656
POV-Ray SDL,2021,114,201.0,-0.4328358208955224
Pan,2016,102,132.0,-0.2272727272727273
Pascal,2014,601,283.0,1.1236749116607774
Pascal,2015,919,601.0,0.5291181364392679
Pascal,2016,1371,919.0,0.4918389553862894
Pascal,2017,1747,1371.0,0.274252370532458
Pascal,2018,633,1747.0,-0.6376645678305667
Pascal,2019,612,633.0,-0.033175355450236976
Pascal,2020,442,612.0,-0.2777777777777778
Pascal,2021,329,442.0,-0.25565610859728505
Pawn,2021,135,262.0,-0.4847328244274809
Perl,2013,7291,2714.0,1.6864406779661016
Perl,2014,11133,7291.0,0.5269510355232478
Perl,2015,15405,11133.0,0.38372406359471833
Perl,2016,17003,15405.0,0.10373255436546569
Perl,2017,16647,17003.0,-0.020937481620890486
Perl,2018,11769,16647.0,-0.29302577040908273
Perl,2019,11323,11769.0,-0.03789616789871697
Perl,2020,11070,11323.0,-0.022343901792811094
Perl,2021,8514,11070.0,-0.23089430894308938
Perl 6,2016,1459,1126.0,0.29573712255772655
Perl 6,2017,1461,1459.0,0.001370801919122755
Perl 6,2018,876,1461.0,-0.4004106776180698
Perl 6,2019,451,876.0,-0.4851598173515982
Perl6,2016,729,476.0,0.5315126050420169
Perl6,2017,765,729.0,0.04938271604938271
PostScript,2015,481,125.0,2.848
PostScript,2016,349,481.0,-0.27442827442827444
PostScript,2017,674,349.0,0.9312320916905443
PostScript,2018,154,674.0,-0.771513353115727
PostScript,2020,126,154.0,-0.18181818181818177
PostScript,2021,116,126.0,-0.07936507936507942
PowerShell,2014,2068,657.0,2.147640791476408
PowerShell,2015,8542,2068.0,3.130560928433269
PowerShell,2016,13209,8542.0,0.5463591664715524
PowerShell,2017,15622,13209.0,0.1826784767961238
PowerShell,2018,9866,15622.0,-0.3684547433107157
PowerShell,2019,7707,9866.0,-0.21883235353740116
PowerShell,2020,7447,7707.0,-0.03373556507071496
PowerShell,2021,4117,7447.0,-0.4471599301732241
Processing,2016,380,983.0,-0.6134282807731435
Processing,2017,415,380.0,0.09210526315789469
Prolog,2017,185,634.0,-0.7082018927444795
Protocol Buffer,2015,552,341.0,0.6187683284457477
Protocol Buffer,2016,789,552.0,0.42934782608695654
Protocol Buffer,2017,458,789.0,-0.4195183776932826
Puppet,2013,3227,523.0,5.170172084130019
Puppet,2014,6432,3227.0,0.9931825224666873
Puppet,2015,8388,6432.0,0.30410447761194037
Puppet,2016,9549,8388.0,0.13841201716738194
Puppet,2017,7402,9549.0,-0.22484029741334166
Puppet,2018,4705,7402.0,-0.3643609835179681
Puppet,2019,4181,4705.0,-0.11137088204038259
Puppet,2020,2954,4181.0,-0.2934704616120545
Puppet,2021,1667,2954.0,-0.4356804333107651
PureScript,2015,2344,256.0,8.15625
PureScript,2016,2614,2344.0,0.11518771331058031
PureScript,2017,2961,2614.0,0.1327467482785003
PureScript,2018,1285,2961.0,-0.5660249915569064
PureScript,2019,549,1285.0,-0.5727626459143969
PureScript,2020,1138,549.0,1.0728597449908923
PureScript,2021,852,1138.0,-0.25131810193321613
Python,2012,69311,2543.0,26.255603617774284
Python,2013,166365,69311.0,1.4002683556722597
Python,2014,313814,166365.0,0.8862981997415322
Python,2015,585192,313814.0,0.864773400804298
Python,2016,798616,585192.0,0.3647076515058305
Python,2017,970465,798616.0,0.21518351748524944
Python,2018,740172,970465.0,-0.23730170588326216
Python,2019,770913,740172.0,0.041532238452683945
Python,2020,809805,770913.0,0.050449272486000396
Python,2021,676289,809805.0,-0.16487425985268056
Python,2022,788,676289.0,-0.9988348176593143
QML,2015,1546,611.0,1.530278232405892
QML,2016,1548,1546.0,0.001293661060802087
QML,2017,1384,1548.0,-0.10594315245478036
QML,2018,819,1384.0,-0.4082369942196532
QML,2019,700,819.0,-0.14529914529914534
QML,2020,488,700.0,-0.3028571428571428
QML,2021,326,488.0,-0.3319672131147541
R,2014,2453,634.0,2.869085173501577
R,2015,7657,2453.0,2.1214838972686505
R,2016,11132,7657.0,0.45383309390100557
R,2017,14052,11132.0,0.26230686309737683
R,2018,7721,14052.0,-0.45054084827782526
R,2019,5486,7721.0,-0.28947027587100116
R,2020,3976,5486.0,-0.27524608093328473
R,2021,3201,3976.0,-0.19491951710261568
Racket,2015,963,129.0,6.465116279069767
Racket,2016,614,963.0,-0.3624091381100727
Racket,2017,785,614.0,0.278501628664495
Racket,2018,434,785.0,-0.44713375796178345
Raku,2015,903,113.0,6.991150442477876
Raku,2016,876,903.0,-0.029900332225913595
Raku,2017,859,876.0,-0.019406392694063967
Raku,2018,576,859.0,-0.32945285215366704
Raku,2019,671,576.0,0.16493055555555558
Raku,2020,662,671.0,-0.01341281669150518
Raku,2021,375,662.0,-0.4335347432024169
Rascal,2017,268,688.0,-0.6104651162790697
Rich Text Format,2016,523,157.0,2.3312101910828025
Rich Text Format,2017,340,523.0,-0.34990439770554493
Rich Text Format,2018,314,340.0,-0.07647058823529407
Rich Text Format,2019,380,314.0,0.21019108280254772
RobotFramework,2017,945,1473.0,-0.3584521384928717
RobotFramework,2018,849,945.0,-0.10158730158730156
Roff,2016,1085,286.0,2.7937062937062938
Roff,2017,1890,1085.0,0.7419354838709677
Roff,2018,1235,1890.0,-0.3465608465608465
Roff,2019,1248,1235.0,0.010526315789473717
Roff,2020,1591,1248.0,0.2748397435897436
Roff,2021,2350,1591.0,0.4770584538026399
Ruby,2012,94146,3679.0,24.59010600706714
Ruby,2013,143593,94146.0,0.5252161536337179
Ruby,2014,256056,143593.0,0.7832067022765734
Ruby,2015,417430,256056.0,0.6302293248351922
Ruby,2016,446059,417430.0,0.06858395419591301
Ruby,2017,409784,446059.0,-0.08132332269946352
Ruby,2018,276076,409784.0,-0.32628897175097127
Ruby,2019,270620,276076.0,-0.019762674046277073
Ruby,2020,303005,270620.0,0.11966964747616582
Ruby,2021,266636,303005.0,-0.12002772231481329
Ruby,2022,483,266636.0,-0.9981885416822934
Rust,2014,12094,799.0,14.136420525657071
Rust,2015,29512,12094.0,1.4402182900611873
Rust,2016,34577,29512.0,0.1716251016535646
Rust,2017,46766,34577.0,0.35251756948260415
Rust,2018,30269,46766.0,-0.35275627592695546
Rust,2019,35479,30269.0,0.17212329445967822
Rust,2020,43201,35479.0,0.21764987739226016
Rust,2021,28015,43201.0,-0.3515196407490567
SCSS,2015,1898,601.0,2.158069883527454
SCSS,2016,3578,1898.0,0.8851422550052688
SCSS,2017,3372,3578.0,-0.05757406372275009
SCSS,2018,3773,3372.0,0.11892052194543301
SCSS,2019,6226,3773.0,0.6501457725947521
SCSS,2020,8530,6226.0,0.37006103437198834
SCSS,2021,10532,8530.0,0.23470105509964823
SQF,2014,126,172.0,-0.2674418604651163
SQF,2015,1094,126.0,7.682539682539682
SQF,2016,1459,1094.0,0.33363802559415
SQF,2017,1295,1459.0,-0.11240575736806036
SQF,2018,246,1295.0,-0.8100386100386101
SQF,2019,363,246.0,0.47560975609756095
SQLPL,2015,114,271.0,-0.5793357933579335
SQLPL,2016,615,114.0,4.394736842105263
SQLPL,2017,101,615.0,-0.8357723577235773
SWIG,2018,377,502.0,-0.24900398406374502
SWIG,2019,342,377.0,-0.09283819628647216
SWIG,2020,373,342.0,0.09064327485380108
SWIG,2021,221,373.0,-0.4075067024128687
SaltStack,2016,929,634.0,0.46529968454258674
SaltStack,2017,1354,929.0,0.4574811625403661
SaltStack,2018,638,1354.0,-0.5288035450516987
SaltStack,2019,701,638.0,0.0987460815047021
SaltStack,2020,444,701.0,-0.36661911554921545
SaltStack,2021,133,444.0,-0.7004504504504505
Scala,2012,7716,200.0,37.58
Scala,2013,14013,7716.0,0.8160964230171073
Scala,2014,36968,14013.0,1.6381217440947693
Scala,2015,61761,36968.0,0.6706611123133521
Scala,2016,85343,61761.0,0.3818267191269571
Scala,2017,89503,85343.0,0.04874447816458294
Scala,2018,59668,89503.0,-0.33334078187323335
Scala,2019,69457,59668.0,0.1640577864181807
Scala,2020,77821,69457.0,0.12041982809508034
Scala,2021,76396,77821.0,-0.01831125274668788
Scala,2022,110,76396.0,-0.9985601340384314
Scheme,2013,572,121.0,3.7272727272727275
Scheme,2014,1459,572.0,1.5506993006993008
Scheme,2015,1757,1459.0,0.20424948594928027
Scheme,2016,1525,1757.0,-0.1320432555492317
Scheme,2017,1033,1525.0,-0.3226229508196722
Scheme,2018,1031,1033.0,-0.0019361084220715918
Scheme,2019,605,1031.0,-0.4131910766246363
Scheme,2020,117,605.0,-0.806611570247934
Shell,2012,6996,406.0,16.23152709359606
Shell,2013,15893,6996.0,1.2717267009719841
Shell,2014,37150,15893.0,1.3375070785880578
Shell,2015,85851,37150.0,1.31092866756393
Shell,2016,121546,85851.0,0.4157784999592318
Shell,2017,134151,121546.0,0.1037055929442352
Shell,2018,91529,134151.0,-0.31771660293251636
Shell,2019,84532,91529.0,-0.0764457166581084
Shell,2020,89379,84532.0,0.057339232480007496
Shell,2021,84124,89379.0,-0.05879457143176814
Shell,2022,103,84124.0,-0.9987756169464125
Smalltalk,2014,996,628.0,0.5859872611464969
Smalltalk,2015,1223,996.0,0.22791164658634533
Smalltalk,2016,1811,1223.0,0.48078495502861807
Smalltalk,2017,1754,1811.0,-0.03147432357813362
Smalltalk,2018,1467,1754.0,-0.16362599771949826
Smalltalk,2019,1443,1467.0,-0.01635991820040905
Smalltalk,2020,1371,1443.0,-0.0498960498960499
Smalltalk,2021,844,1371.0,-0.38439095550692925
Smarty,2016,847,314.0,1.6974522292993632
Smarty,2017,2675,847.0,2.1582054309327035
Smarty,2018,1310,2675.0,-0.5102803738317757
Smarty,2019,2575,1310.0,0.9656488549618321
Smarty,2020,3168,2575.0,0.23029126213592233
Smarty,2021,2282,3168.0,-0.2796717171717171
SourcePawn,2016,1078,479.0,1.2505219206680587
SourcePawn,2017,1091,1078.0,0.012059369202226389
SourcePawn,2018,628,1091.0,-0.4243813015582035
SourcePawn,2019,359,628.0,-0.42834394904458595
SourcePawn,2020,362,359.0,0.008356545961002881
SourcePawn,2021,111,362.0,-0.6933701657458564
Standard ML,2015,1035,263.0,2.935361216730038
Standard ML,2016,773,1035.0,-0.25314009661835746
Standard ML,2017,893,773.0,0.15523932729624845
Standard ML,2018,257,893.0,-0.7122060470324748
Standard ML,2020,103,257.0,-0.5992217898832685
Standard ML,2021,118,103.0,0.14563106796116498
Starlark,2017,1769,682.0,1.593841642228739
Starlark,2018,3290,1769.0,0.8598078010175241
Starlark,2019,17230,3290.0,4.237082066869301
Starlark,2020,28892,17230.0,0.6768427161926871
Starlark,2021,19727,28892.0,-0.3172158382943375
Stylus,2017,593,601.0,-0.01331114808652245
Stylus,2018,541,593.0,-0.08768971332209108
Stylus,2019,1186,541.0,1.192236598890943
Stylus,2020,1170,1186.0,-0.013490725126475533
Stylus,2021,1005,1170.0,-0.14102564102564108
Swift,2014,7444,699.0,9.649499284692418
Swift,2015,35783,7444.0,3.8069586243954863
Swift,2016,81814,35783.0,1.2863929799066596
Swift,2017,89528,81814.0,0.09428704133766841
Swift,2018,53376,89528.0,-0.40380663032794206
Swift,2019,43741,53376.0,-0.18051184052757796
Swift,2020,36733,43741.0,-0.1602158158249697
Swift,2021,24091,36733.0,-0.344159202896578
SystemVerilog,2019,2101,158.0,12.29746835443038
SystemVerilog,2020,7478,2101.0,2.5592574964302712
SystemVerilog,2021,8121,7478.0,0.08598555763573157
TSQL,2013,621,119.0,4.218487394957983
TSQL,2014,2122,621.0,2.4170692431561998
TSQL,2015,3744,2122.0,0.7643732327992461
TSQL,2016,3120,3744.0,-0.16666666666666663
TSQL,2017,3603,3120.0,0.1548076923076922
TSQL,2018,3777,3603.0,0.048293089092422914
TSQL,2019,3018,3777.0,-0.20095313741064336
TSQL,2020,1474,3018.0,-0.5115970841616965
TSQL,2021,723,1474.0,-0.5094979647218454
Tcl,2015,384,353.0,0.0878186968838528
Tcl,2016,1214,384.0,2.1614583333333335
Tcl,2017,524,1214.0,-0.5683690280065898
TeX,2014,1641,780.0,1.103846153846154
TeX,2015,4308,1641.0,1.6252285191956126
TeX,2016,7084,4308.0,0.6443825441039925
TeX,2017,6758,7084.0,-0.04601919819311129
TeX,2018,1991,6758.0,-0.7053862089375555
TeX,2019,1866,1991.0,-0.06278252134605722
TeX,2020,1564,1866.0,-0.16184351554126475
TeX,2021,1235,1564.0,-0.2103580562659847
TypeScript,2013,7393,1543.0,3.791315618924174
TypeScript,2014,20100,7393.0,1.7187880427431352
TypeScript,2015,66429,20100.0,2.304925373134328
TypeScript,2016,185315,66429.0,1.7896701741709191
TypeScript,2017,330028,185315.0,0.7809027871462104
TypeScript,2018,294573,330028.0,-0.10743027864302424
TypeScript,2019,338704,294573.0,0.14981345880308106
TypeScript,2020,400221,338704.0,0.1816246634229297
TypeScript,2021,349182,400221.0,-0.1275270413096764
TypeScript,2022,544,349182.0,-0.9984420731881941
Uno,2018,286,1036.0,-0.7239382239382239
UnrealScript,2019,105,114.0,-0.07894736842105265
UnrealScript,2020,123,105.0,0.17142857142857149
VHDL,2017,144,252.0,-0.4285714285714286
Vala,2014,351,241.0,0.4564315352697095
Vala,2015,1114,351.0,2.173789173789174
Vala,2016,1193,1114.0,0.07091561938958701
Vala,2017,2311,1193.0,0.9371332774518022
Vala,2018,1972,2311.0,-0.14668974469926443
Vala,2019,1261,1972.0,-0.3605476673427992
Vala,2020,1268,1261.0,0.0055511498810467685
Vala,2021,1134,1268.0,-0.10567823343848581
Verilog,2016,265,119.0,1.226890756302521
Verilog,2017,115,265.0,-0.5660377358490566
Verilog,2019,213,115.0,0.8521739130434782
Verilog,2020,1200,213.0,4.633802816901408
Verilog,2021,2585,1200.0,1.1541666666666668
Vim script,2013,1068,415.0,1.5734939759036144
Vim script,2014,1772,1068.0,0.6591760299625469
Vim script,2015,2915,1772.0,0.6450338600451466
Vim script,2016,5474,2915.0,0.8778730703259006
Vim script,2017,9181,5474.0,0.6772013153087322
Vim script,2018,5944,9181.0,-0.3525759721163272
Vim script,2019,5800,5944.0,-0.024226110363391617
Vim script,2020,7410,5800.0,0.2775862068965518
Vim script,2021,3665,7410.0,-0.5053981106612686
VimL,2013,927,266.0,2.4849624060150375
VimL,2014,1013,927.0,0.09277238403452004
VimL,2015,1586,1013.0,0.5656465942744324
VimL,2016,893,1586.0,-0.4369482976040353
Visual Basic,2015,5069,548.0,8.25
Visual Basic,2016,10579,5069.0,1.0869994081672916
Visual Basic,2017,6451,10579.0,-0.3902070138954532
Visual Basic,2018,691,6451.0,-0.8928848240582855
Visual Basic,2019,282,691.0,-0.5918958031837915
Visual Basic,2020,119,282.0,-0.5780141843971631
Visual Basic,2021,115,119.0,-0.03361344537815125
Visual Basic .NET,2017,4613,675.0,5.834074074074074
Visual Basic .NET,2018,2486,4613.0,-0.4610882289182744
Visual Basic .NET,2019,1604,2486.0,-0.35478680611423974
Visual Basic .NET,2020,1689,1604.0,0.05299251870324184
Visual Basic .NET,2021,1753,1689.0,0.03789224393132029
Vue,2016,5142,380.0,12.531578947368422
Vue,2017,17531,5142.0,2.409373784519642
Vue,2018,13449,17531.0,-0.23284467514688267
Vue,2019,13716,13449.0,0.019852777158152923
Vue,2020,11431,13716.0,-0.1665937591134442
Vue,2021,8106,11431.0,-0.2908756889161054
Web Ontology Language,2015,128,103.0,0.24271844660194164
Web Ontology Language,2017,164,128.0,0.28125
WebAssembly,2017,837,1262.0,-0.3367670364500792
WebAssembly,2018,670,837.0,-0.19952210274790916
WebAssembly,2019,1128,670.0,0.6835820895522389
WebAssembly,2020,1551,1128.0,0.375
WebAssembly,2021,1346,1551.0,-0.13217279174725982
XQuery,2015,149,283.0,-0.47349823321554774
XQuery,2016,107,149.0,-0.2818791946308725
XSLT,2013,790,293.0,1.696245733788396
XSLT,2014,1484,790.0,0.8784810126582279
XSLT,2015,1974,1484.0,0.33018867924528306
XSLT,2016,2203,1974.0,0.11600810536980743
XSLT,2017,2247,2203.0,0.019972764412165223
XSLT,2018,1844,2247.0,-0.17935024477080552
XSLT,2019,998,1844.0,-0.4587852494577006
XSLT,2020,1050,998.0,0.05210420841683372
XSLT,2021,993,1050.0,-0.05428571428571427
Xtend,2016,864,109.0,6.926605504587156
Xtend,2017,567,864.0,-0.34375
Xtend,2020,128,567.0,-0.7742504409171076
Xtend,2021,185,128.0,0.4453125
YAML,2015,4988,673.0,6.411589895988113
YAML,2016,4218,4988.0,-0.15437048917401763
YAML,2017,1722,4218.0,-0.5917496443812233
YAML,2018,1156,1722.0,-0.3286875725900116
YAML,2019,2117,1156.0,0.8313148788927336
YAML,2020,2871,2117.0,0.3561643835616439
YAML,2021,1450,2871.0,-0.4949494949494949
YARA,2017,102,222.0,-0.5405405405405406
mIRC Script,2016,959,377.0,1.543766578249337
mIRC Script,2017,1402,959.0,0.4619395203336809
mIRC Script,2018,1914,1402.0,0.3651925820256776
mIRC Script,2019,1538,1914.0,-0.1964472309299895
mIRC Script,2020,1008,1538.0,-0.3446033810143043
mIRC Script,2021,679,1008.0,-0.32638888888888884
nesC,2013,2585,659.0,2.9226100151745067
nesC,2014,1215,2585.0,-0.5299806576402322
ooc,2015,2091,212.0,8.86320754716981
ooc,2016,1817,2091.0,-0.1310377809660449
